ISO-10303-21;
HEADER;
/* IDC-Header_2x03_P2.54mm_Vertical.step 3D STEP model for use in ECAD systems
 * Copyright (C) 2017, kicad StepUp
 *
 * This work is licensed under the [Creative Commons CC-BY-SA 4.0 License](https://creativecommons.org/licenses/by-sa/4.0/legalcode),
 * with the following exception:
 * To the extent that the creation of electronic designs that use 'Licensed Material' can be considered to be 'Adapted Material',
 * then the copyright holder waives article 3 of the license with respect to these designs and any generated files which use data provided
 * as part of the 'Licensed Material'.
 * You are free to use the library data in your own projects without the obligation to share your project files under this or any other license agreement.
 * However, if you wish to redistribute these libraries, or parts thereof (including in modified form) as a collection then the exception above does not apply.
 * Please refer to https://github.com/KiCad/kicad-packages3D/blob/master/LICENSE.md for further clarification of the exception.
 * Disclaimer of Warranties and Limitation of Liability.
 * These libraries are provided in the hope that they will be useful, but are provided without warranty of any kind, express or implied.
 * *USE 3D CAD DATA AT YOUR OWN RISK*
 * *DO NOT RELY UPON ANY INFORMATION FOUND HERE WITHOUT INDEPENDENT VERIFICATION.*
 *
 */

FILE_DESCRIPTION(
/* description */ ('model of IDC-Header_2x03_P2.54mm_Vertical'),
/* implementation_level */ '2;1');

FILE_NAME(
/* name */ 'IDC-Header_2x03_P2.54mm_Vertical.step',
/* time_stamp */ '2017-12-08T15:28:57',
/* author */ ('kicad StepUp','ksu'),
/* organization */ ('OCC'),
/* preprocessor_version */ '',
/* originating_system */ 'kicad StepUp',
/* authorisation */ '');

FILE_SCHEMA(('AUTOMOTIVE_DESIGN { 1 0 10303 214 1 1 1 1 }'));
ENDSEC;

DATA;
#1=APPLICATION_PROTOCOL_DEFINITION('international standard','automotive_design',2000,#2);
#2=APPLICATION_CONTEXT('core data for automotive mechanical design processes');
#3=SHAPE_DEFINITION_REPRESENTATION(#4,#10);
#4=PRODUCT_DEFINITION_SHAPE('','',#5);
#5=PRODUCT_DEFINITION('design','',#6,#9);
#6=PRODUCT_DEFINITION_FORMATION('','',#7);
#7=PRODUCT('IDC_Header_2x03_P254mm_Vertical','IDC_Header_2x03_P254mm_Vertical','',(#8));
#8=PRODUCT_CONTEXT('',#2,'mechanical');
#9=PRODUCT_DEFINITION_CONTEXT('part definition',#2,'design');
#10=ADVANCED_BREP_SHAPE_REPRESENTATION('',(#11,#15),#2820);
#11=AXIS2_PLACEMENT_3D('',#12,#13,#14);
#12=CARTESIAN_POINT('',(0.,0.,0.));
#13=DIRECTION('',(0.,0.,1.));
#14=DIRECTION('',(1.,0.,-0.));
#15=MANIFOLD_SOLID_BREP('',#16);
#16=CLOSED_SHELL('',(#17,#74,#118,#169,#196,#212,#235,#273,#570,#625,#653,#668,#690,#708,#747,#764,#784,#792,#989,#998,#1014,#1023,#1035,#1044,#1053,#1067,#1081,#1095,#1115,#1130,#1145,#1155,#1175,#1190,#1205,#1215,#1235,#1250,#1265,#1275,#1295,#1310,#1325,#1335,#1355,#1370,#1385,#1395,#1415,#1430,#1445,#1455,#1471,#1487,#1503,#1519,#1535,#1551,#1556,#1561,#1566,#1580,#1591,#1602,#1610,#1624,#1635,#1646,#1654,#1668,#1679,#1690,#1698,#1712,#1723,#1734,#1742,#1756,#1767,#1778,#1786,#1800,#1811,#1822,#1830,#1858,#1879,#1900,#1914,#1937,#1955,#1973,#1986,#2009,#2027,#2045,#2058,#2081,#2099,#2117,#2130,#2153,#2171,#2189,#2202,#2225,#2243,#2261,#2274,#2278,#2282,#2286,#2290,#2294,#2298,#2323,#2343,#2361,#2372,#2395,#2413,#2429,#2440,#2462,#2479,#2496,#2508,#2530,#2547,#2565,#2576,#2599,#2615,#2632,#2644,#2666,#2683,#2700,#2712,#2722,#2732,#2742,#2752,#2762,#2772,#2780,#2788,#2796,#2804,#2812));
#17=ADVANCED_FACE('',(#18),#70,.T.);
#18=FACE_BOUND('',#19,.T.);
#19=EDGE_LOOP('',(#20,#28,#35,#41,#46,#54,#62,#68));
#20=ORIENTED_EDGE('',*,*,#21,.F.);
#21=EDGE_CURVE('',#22,#24,#26,.T.);
#22=VERTEX_POINT('',#23);
#23=CARTESIAN_POINT('',(-3.155,5.1,0.25));
#24=VERTEX_POINT('',#25);
#25=CARTESIAN_POINT('',(-3.155,5.1,9.1));
#26=LINE('',#23,#27);
#27=VECTOR('',#13,1.);
#28=ORIENTED_EDGE('',*,*,#29,.T.);
#29=EDGE_CURVE('',#22,#30,#32,.T.);
#30=VERTEX_POINT('',#31);
#31=CARTESIAN_POINT('',(-3.155,-10.18,0.25));
#32=LINE('',#23,#33);
#33=VECTOR('',#34,1.);
#34=DIRECTION('',(0.,-1.,0.));
#35=ORIENTED_EDGE('',*,*,#36,.T.);
#36=EDGE_CURVE('',#30,#37,#39,.T.);
#37=VERTEX_POINT('',#38);
#38=CARTESIAN_POINT('',(-3.155,-10.18,9.1));
#39=LINE('',#40,#27);
#40=CARTESIAN_POINT('',(-3.155,-10.18,2.6));
#41=ORIENTED_EDGE('',*,*,#42,.F.);
#42=EDGE_CURVE('',#43,#37,#45,.T.);
#43=VERTEX_POINT('',#44);
#44=CARTESIAN_POINT('',(-3.155,-4.79,9.1));
#45=LINE('',#25,#33);
#46=ORIENTED_EDGE('',*,*,#47,.T.);
#47=EDGE_CURVE('',#43,#48,#50,.T.);
#48=VERTEX_POINT('',#49);
#49=CARTESIAN_POINT('',(-3.155,-4.79,2.1));
#50=LINE('',#51,#52);
#51=CARTESIAN_POINT('',(-3.155,-4.79,3.3875));
#52=VECTOR('',#53,1.);
#53=DIRECTION('',(0.,0.,-1.));
#54=ORIENTED_EDGE('',*,*,#55,.T.);
#55=EDGE_CURVE('',#48,#56,#58,.T.);
#56=VERTEX_POINT('',#57);
#57=CARTESIAN_POINT('',(-3.155,-0.29,2.1));
#58=LINE('',#59,#60);
#59=CARTESIAN_POINT('',(-3.155,-2.54,2.1));
#60=VECTOR('',#61,1.);
#61=DIRECTION('',(0.,1.,0.));
#62=ORIENTED_EDGE('',*,*,#63,.T.);
#63=EDGE_CURVE('',#56,#64,#66,.T.);
#64=VERTEX_POINT('',#65);
#65=CARTESIAN_POINT('',(-3.155,-0.29,9.1));
#66=LINE('',#67,#27);
#67=CARTESIAN_POINT('',(-3.155,-0.29,3.3875));
#68=ORIENTED_EDGE('',*,*,#69,.F.);
#69=EDGE_CURVE('',#24,#64,#45,.T.);
#70=PLANE('',#71);
#71=AXIS2_PLACEMENT_3D('',#72,#73,#53);
#72=CARTESIAN_POINT('',(-3.155,-2.54,4.675));
#73=DIRECTION('',(-1.,-0.,-0.));
#74=ADVANCED_FACE('',(#75),#115,.T.);
#75=FACE_BOUND('',#76,.T.);
#76=EDGE_LOOP('',(#77,#84,#90,#96,#103,#109,#111,#112));
#77=ORIENTED_EDGE('',*,*,#78,.F.);
#78=EDGE_CURVE('',#79,#81,#83,.T.);
#79=VERTEX_POINT('',#80);
#80=CARTESIAN_POINT('',(5.695,5.1,0.25));
#81=VERTEX_POINT('',#82);
#82=CARTESIAN_POINT('',(5.695,5.1,9.1));
#83=LINE('',#80,#27);
#84=ORIENTED_EDGE('',*,*,#85,.T.);
#85=EDGE_CURVE('',#79,#86,#88,.T.);
#86=VERTEX_POINT('',#87);
#87=CARTESIAN_POINT('',(3.02,5.1,0.25));
#88=LINE('',#80,#89);
#89=VECTOR('',#73,1.);
#90=ORIENTED_EDGE('',*,*,#91,.T.);
#91=EDGE_CURVE('',#86,#92,#94,.T.);
#92=VERTEX_POINT('',#93);
#93=CARTESIAN_POINT('',(3.02,5.1,6.75));
#94=LINE('',#95,#27);
#95=CARTESIAN_POINT('',(3.02,5.1,2.4625));
#96=ORIENTED_EDGE('',*,*,#97,.F.);
#97=EDGE_CURVE('',#98,#92,#100,.T.);
#98=VERTEX_POINT('',#99);
#99=CARTESIAN_POINT('',(-0.48,5.1,6.75));
#100=LINE('',#101,#102);
#101=CARTESIAN_POINT('',(1.27,5.1,6.75));
#102=VECTOR('',#14,1.);
#103=ORIENTED_EDGE('',*,*,#104,.T.);
#104=EDGE_CURVE('',#98,#105,#107,.T.);
#105=VERTEX_POINT('',#106);
#106=CARTESIAN_POINT('',(-0.48,5.1,0.25));
#107=LINE('',#108,#52);
#108=CARTESIAN_POINT('',(-0.48,5.1,2.4625));
#109=ORIENTED_EDGE('',*,*,#110,.T.);
#110=EDGE_CURVE('',#105,#22,#88,.T.);
#111=ORIENTED_EDGE('',*,*,#21,.T.);
#112=ORIENTED_EDGE('',*,*,#113,.F.);
#113=EDGE_CURVE('',#81,#24,#114,.T.);
#114=LINE('',#82,#89);
#115=PLANE('',#116);
#116=AXIS2_PLACEMENT_3D('',#117,#61,#13);
#117=CARTESIAN_POINT('',(1.27,5.1,4.675));
#118=ADVANCED_FACE('',(#119),#166,.T.);
#119=FACE_BOUND('',#120,.T.);
#120=EDGE_LOOP('',(#121,#122,#127,#130,#131,#132,#138,#143,#148,#153,#158,#162));
#121=ORIENTED_EDGE('',*,*,#42,.T.);
#122=ORIENTED_EDGE('',*,*,#123,.T.);
#123=EDGE_CURVE('',#37,#124,#126,.T.);
#124=VERTEX_POINT('',#125);
#125=CARTESIAN_POINT('',(5.695,-10.18,9.1));
#126=LINE('',#38,#102);
#127=ORIENTED_EDGE('',*,*,#128,.T.);
#128=EDGE_CURVE('',#124,#81,#129,.T.);
#129=LINE('',#125,#60);
#130=ORIENTED_EDGE('',*,*,#113,.T.);
#131=ORIENTED_EDGE('',*,*,#69,.T.);
#132=ORIENTED_EDGE('',*,*,#133,.F.);
#133=EDGE_CURVE('',#134,#64,#136,.T.);
#134=VERTEX_POINT('',#135);
#135=CARTESIAN_POINT('',(-1.905,-0.29,9.1));
#136=LINE('',#137,#89);
#137=CARTESIAN_POINT('',(-1.155,-0.29,9.1));
#138=ORIENTED_EDGE('',*,*,#139,.F.);
#139=EDGE_CURVE('',#140,#134,#142,.T.);
#140=VERTEX_POINT('',#141);
#141=CARTESIAN_POINT('',(-1.905,3.94,9.1));
#142=LINE('',#141,#33);
#143=ORIENTED_EDGE('',*,*,#144,.F.);
#144=EDGE_CURVE('',#145,#140,#147,.T.);
#145=VERTEX_POINT('',#146);
#146=CARTESIAN_POINT('',(4.445,3.94,9.1));
#147=LINE('',#146,#89);
#148=ORIENTED_EDGE('',*,*,#149,.F.);
#149=EDGE_CURVE('',#150,#145,#152,.T.);
#150=VERTEX_POINT('',#151);
#151=CARTESIAN_POINT('',(4.445,-9.02,9.1));
#152=LINE('',#151,#60);
#153=ORIENTED_EDGE('',*,*,#154,.F.);
#154=EDGE_CURVE('',#155,#150,#157,.T.);
#155=VERTEX_POINT('',#156);
#156=CARTESIAN_POINT('',(-1.905,-9.02,9.1));
#157=LINE('',#156,#102);
#158=ORIENTED_EDGE('',*,*,#159,.F.);
#159=EDGE_CURVE('',#160,#155,#142,.T.);
#160=VERTEX_POINT('',#161);
#161=CARTESIAN_POINT('',(-1.905,-4.79,9.1));
#162=ORIENTED_EDGE('',*,*,#163,.F.);
#163=EDGE_CURVE('',#43,#160,#164,.T.);
#164=LINE('',#165,#102);
#165=CARTESIAN_POINT('',(-5.155,-4.79,9.1));
#166=PLANE('',#167);
#167=AXIS2_PLACEMENT_3D('',#168,#13,#61);
#168=CARTESIAN_POINT('',(1.27,-2.54,9.1));
#169=ADVANCED_FACE('',(#170),#194,.T.);
#170=FACE_BOUND('',#171,.T.);
#171=EDGE_LOOP('',(#172,#177,#182,#188,#192,#193));
#172=ORIENTED_EDGE('',*,*,#173,.F.);
#173=EDGE_CURVE('',#174,#56,#176,.T.);
#174=VERTEX_POINT('',#175);
#175=CARTESIAN_POINT('',(-1.155,-0.29,2.1));
#176=LINE('',#175,#89);
#177=ORIENTED_EDGE('',*,*,#178,.T.);
#178=EDGE_CURVE('',#174,#179,#181,.T.);
#179=VERTEX_POINT('',#180);
#180=CARTESIAN_POINT('',(-1.155,-0.29,2.6));
#181=LINE('',#175,#27);
#182=ORIENTED_EDGE('',*,*,#183,.F.);
#183=EDGE_CURVE('',#184,#179,#186,.T.);
#184=VERTEX_POINT('',#185);
#185=CARTESIAN_POINT('',(-1.905,-0.29,2.6));
#186=LINE('',#187,#102);
#187=CARTESIAN_POINT('',(5.75E-02,-0.29,2.6));
#188=ORIENTED_EDGE('',*,*,#189,.F.);
#189=EDGE_CURVE('',#134,#184,#190,.T.);
#190=LINE('',#191,#52);
#191=CARTESIAN_POINT('',(-1.905,-0.29,1.175));
#192=ORIENTED_EDGE('',*,*,#133,.T.);
#193=ORIENTED_EDGE('',*,*,#63,.F.);
#194=PLANE('',#195);
#195=AXIS2_PLACEMENT_3D('',#175,#34,#73);
#196=ADVANCED_FACE('',(#197),#210,.T.);
#197=FACE_BOUND('',#198,.T.);
#198=EDGE_LOOP('',(#199,#200,#206,#209));
#199=ORIENTED_EDGE('',*,*,#55,.F.);
#200=ORIENTED_EDGE('',*,*,#201,.T.);
#201=EDGE_CURVE('',#48,#202,#204,.T.);
#202=VERTEX_POINT('',#203);
#203=CARTESIAN_POINT('',(-1.155,-4.79,2.1));
#204=LINE('',#205,#102);
#205=CARTESIAN_POINT('',(-5.155,-4.79,2.1));
#206=ORIENTED_EDGE('',*,*,#207,.T.);
#207=EDGE_CURVE('',#202,#174,#208,.T.);
#208=LINE('',#203,#60);
#209=ORIENTED_EDGE('',*,*,#173,.T.);
#210=PLANE('',#211);
#211=AXIS2_PLACEMENT_3D('',#59,#13,#14);
#212=ADVANCED_FACE('',(#213),#233,.T.);
#213=FACE_BOUND('',#214,.T.);
#214=EDGE_LOOP('',(#215,#216,#217,#218,#224,#230));
#215=ORIENTED_EDGE('',*,*,#201,.F.);
#216=ORIENTED_EDGE('',*,*,#47,.F.);
#217=ORIENTED_EDGE('',*,*,#163,.T.);
#218=ORIENTED_EDGE('',*,*,#219,.F.);
#219=EDGE_CURVE('',#220,#160,#222,.T.);
#220=VERTEX_POINT('',#221);
#221=CARTESIAN_POINT('',(-1.905,-4.79,2.6));
#222=LINE('',#223,#27);
#223=CARTESIAN_POINT('',(-1.905,-4.79,1.175));
#224=ORIENTED_EDGE('',*,*,#225,.F.);
#225=EDGE_CURVE('',#226,#220,#228,.T.);
#226=VERTEX_POINT('',#227);
#227=CARTESIAN_POINT('',(-1.155,-4.79,2.6));
#228=LINE('',#229,#89);
#229=CARTESIAN_POINT('',(-1.9425,-4.79,2.6));
#230=ORIENTED_EDGE('',*,*,#231,.F.);
#231=EDGE_CURVE('',#202,#226,#232,.T.);
#232=LINE('',#203,#27);
#233=PLANE('',#234);
#234=AXIS2_PLACEMENT_3D('',#205,#61,#14);
#235=ADVANCED_FACE('',(#236),#270,.T.);
#236=FACE_BOUND('',#237,.T.);
#237=EDGE_LOOP('',(#238,#239,#244,#250,#256,#262,#266,#269));
#238=ORIENTED_EDGE('',*,*,#36,.F.);
#239=ORIENTED_EDGE('',*,*,#240,.T.);
#240=EDGE_CURVE('',#30,#241,#243,.T.);
#241=VERTEX_POINT('',#242);
#242=CARTESIAN_POINT('',(-0.48,-10.18,0.25));
#243=LINE('',#31,#102);
#244=ORIENTED_EDGE('',*,*,#245,.T.);
#245=EDGE_CURVE('',#241,#246,#248,.T.);
#246=VERTEX_POINT('',#247);
#247=CARTESIAN_POINT('',(-0.48,-10.18,6.75));
#248=LINE('',#249,#27);
#249=CARTESIAN_POINT('',(-0.48,-10.18,2.4625));
#250=ORIENTED_EDGE('',*,*,#251,.F.);
#251=EDGE_CURVE('',#252,#246,#254,.T.);
#252=VERTEX_POINT('',#253);
#253=CARTESIAN_POINT('',(3.02,-10.18,6.75));
#254=LINE('',#255,#89);
#255=CARTESIAN_POINT('',(1.27,-10.18,6.75));
#256=ORIENTED_EDGE('',*,*,#257,.T.);
#257=EDGE_CURVE('',#252,#258,#260,.T.);
#258=VERTEX_POINT('',#259);
#259=CARTESIAN_POINT('',(3.02,-10.18,0.25));
#260=LINE('',#261,#52);
#261=CARTESIAN_POINT('',(3.02,-10.18,2.4625));
#262=ORIENTED_EDGE('',*,*,#263,.T.);
#263=EDGE_CURVE('',#258,#264,#243,.T.);
#264=VERTEX_POINT('',#265);
#265=CARTESIAN_POINT('',(5.695,-10.18,0.25));
#266=ORIENTED_EDGE('',*,*,#267,.T.);
#267=EDGE_CURVE('',#264,#124,#268,.T.);
#268=LINE('',#265,#27);
#269=ORIENTED_EDGE('',*,*,#123,.F.);
#270=PLANE('',#271);
#271=AXIS2_PLACEMENT_3D('',#272,#34,#53);
#272=CARTESIAN_POINT('',(1.27,-10.18,4.675));
#273=ADVANCED_FACE('',(#274,#357,#383,#409,#435,#461,#487,#513,#522,#531,#540,#549,#558),#567,.T.);
#274=FACE_BOUND('',#275,.T.);
#275=EDGE_LOOP('',(#276,#277,#278,#284,#289,#292,#293,#298,#305,#309,#313,#320,#324,#328,#335,#339,#341,#342,#348,#353,#356));
#276=ORIENTED_EDGE('',*,*,#29,.F.);
#277=ORIENTED_EDGE('',*,*,#110,.F.);
#278=ORIENTED_EDGE('',*,*,#279,.T.);
#279=EDGE_CURVE('',#105,#280,#282,.T.);
#280=VERTEX_POINT('',#281);
#281=CARTESIAN_POINT('',(-0.48,3.85,0.25));
#282=LINE('',#283,#33);
#283=CARTESIAN_POINT('',(-0.48,6.35,0.25));
#284=ORIENTED_EDGE('',*,*,#285,.T.);
#285=EDGE_CURVE('',#280,#286,#288,.T.);
#286=VERTEX_POINT('',#287);
#287=CARTESIAN_POINT('',(3.02,3.85,0.25));
#288=LINE('',#281,#102);
#289=ORIENTED_EDGE('',*,*,#290,.T.);
#290=EDGE_CURVE('',#286,#86,#291,.T.);
#291=LINE('',#287,#60);
#292=ORIENTED_EDGE('',*,*,#85,.F.);
#293=ORIENTED_EDGE('',*,*,#294,.F.);
#294=EDGE_CURVE('',#295,#79,#297,.T.);
#295=VERTEX_POINT('',#296);
#296=CARTESIAN_POINT('',(5.695,3.033012701892,0.25));
#297=LINE('',#265,#60);
#298=ORIENTED_EDGE('',*,*,#299,.F.);
#299=EDGE_CURVE('',#300,#295,#302,.T.);
#300=VERTEX_POINT('',#301);
#301=CARTESIAN_POINT('',(5.945,2.6,0.25));
#302=CIRCLE('',#303,0.5);
#303=AXIS2_PLACEMENT_3D('',#304,#13,#14);
#304=CARTESIAN_POINT('',(5.445,2.6,0.25));
#305=ORIENTED_EDGE('',*,*,#306,.F.);
#306=EDGE_CURVE('',#307,#300,#302,.T.);
#307=VERTEX_POINT('',#308);
#308=CARTESIAN_POINT('',(5.695,2.166987298108,0.25));
#309=ORIENTED_EDGE('',*,*,#310,.F.);
#310=EDGE_CURVE('',#311,#307,#297,.T.);
#311=VERTEX_POINT('',#312);
#312=CARTESIAN_POINT('',(5.695,-2.106987298108,0.25));
#313=ORIENTED_EDGE('',*,*,#314,.F.);
#314=EDGE_CURVE('',#315,#311,#317,.T.);
#315=VERTEX_POINT('',#316);
#316=CARTESIAN_POINT('',(5.945,-2.54,0.25));
#317=CIRCLE('',#318,0.5);
#318=AXIS2_PLACEMENT_3D('',#319,#13,#14);
#319=CARTESIAN_POINT('',(5.445,-2.54,0.25));
#320=ORIENTED_EDGE('',*,*,#321,.F.);
#321=EDGE_CURVE('',#322,#315,#317,.T.);
#322=VERTEX_POINT('',#323);
#323=CARTESIAN_POINT('',(5.695,-2.973012701892,0.25));
#324=ORIENTED_EDGE('',*,*,#325,.F.);
#325=EDGE_CURVE('',#326,#322,#297,.T.);
#326=VERTEX_POINT('',#327);
#327=CARTESIAN_POINT('',(5.695,-7.246987298108,0.25));
#328=ORIENTED_EDGE('',*,*,#329,.F.);
#329=EDGE_CURVE('',#330,#326,#332,.T.);
#330=VERTEX_POINT('',#331);
#331=CARTESIAN_POINT('',(5.945,-7.68,0.25));
#332=CIRCLE('',#333,0.5);
#333=AXIS2_PLACEMENT_3D('',#334,#13,#14);
#334=CARTESIAN_POINT('',(5.445,-7.68,0.25));
#335=ORIENTED_EDGE('',*,*,#336,.F.);
#336=EDGE_CURVE('',#337,#330,#332,.T.);
#337=VERTEX_POINT('',#338);
#338=CARTESIAN_POINT('',(5.695,-8.113012701892,0.25));
#339=ORIENTED_EDGE('',*,*,#340,.F.);
#340=EDGE_CURVE('',#264,#337,#297,.T.);
#341=ORIENTED_EDGE('',*,*,#263,.F.);
#342=ORIENTED_EDGE('',*,*,#343,.T.);
#343=EDGE_CURVE('',#258,#344,#346,.T.);
#344=VERTEX_POINT('',#345);
#345=CARTESIAN_POINT('',(3.02,-8.93,0.25));
#346=LINE('',#347,#60);
#347=CARTESIAN_POINT('',(3.02,-11.43,0.25));
#348=ORIENTED_EDGE('',*,*,#349,.T.);
#349=EDGE_CURVE('',#344,#350,#352,.T.);
#350=VERTEX_POINT('',#351);
#351=CARTESIAN_POINT('',(-0.48,-8.93,0.25));
#352=LINE('',#345,#89);
#353=ORIENTED_EDGE('',*,*,#354,.T.);
#354=EDGE_CURVE('',#350,#241,#355,.T.);
#355=LINE('',#351,#33);
#356=ORIENTED_EDGE('',*,*,#240,.F.);
#357=FACE_BOUND('',#358,.T.);
#358=EDGE_LOOP('',(#359,#367,#373,#379));
#359=ORIENTED_EDGE('',*,*,#360,.T.);
#360=EDGE_CURVE('',#361,#363,#365,.T.);
#361=VERTEX_POINT('',#362);
#362=CARTESIAN_POINT('',(2.22,-2.22,0.25));
#363=VERTEX_POINT('',#364);
#364=CARTESIAN_POINT('',(2.22,-2.86,0.25));
#365=LINE('',#366,#33);
#366=CARTESIAN_POINT('',(2.22,-2.38,0.25));
#367=ORIENTED_EDGE('',*,*,#368,.T.);
#368=EDGE_CURVE('',#363,#369,#371,.T.);
#369=VERTEX_POINT('',#370);
#370=CARTESIAN_POINT('',(2.86,-2.86,0.25));
#371=LINE('',#372,#102);
#372=CARTESIAN_POINT('',(1.774028653158,-2.86,0.25));
#373=ORIENTED_EDGE('',*,*,#374,.T.);
#374=EDGE_CURVE('',#369,#375,#377,.T.);
#375=VERTEX_POINT('',#376);
#376=CARTESIAN_POINT('',(2.86,-2.22,0.25));
#377=LINE('',#378,#60);
#378=CARTESIAN_POINT('',(2.86,-2.7,0.25));
#379=ORIENTED_EDGE('',*,*,#380,.T.);
#380=EDGE_CURVE('',#375,#361,#381,.T.);
#381=LINE('',#382,#89);
#382=CARTESIAN_POINT('',(2.094028653158,-2.22,0.25));
#383=FACE_BOUND('',#384,.T.);
#384=EDGE_LOOP('',(#385,#393,#399,#405));
#385=ORIENTED_EDGE('',*,*,#386,.T.);
#386=EDGE_CURVE('',#387,#389,#391,.T.);
#387=VERTEX_POINT('',#388);
#388=CARTESIAN_POINT('',(0.32,-2.86,0.25));
#389=VERTEX_POINT('',#390);
#390=CARTESIAN_POINT('',(0.32,-2.22,0.25));
#391=LINE('',#392,#60);
#392=CARTESIAN_POINT('',(0.32,-2.7,0.25));
#393=ORIENTED_EDGE('',*,*,#394,.T.);
#394=EDGE_CURVE('',#389,#395,#397,.T.);
#395=VERTEX_POINT('',#396);
#396=CARTESIAN_POINT('',(-0.32,-2.22,0.25));
#397=LINE('',#398,#89);
#398=CARTESIAN_POINT('',(0.824028653158,-2.22,0.25));
#399=ORIENTED_EDGE('',*,*,#400,.T.);
#400=EDGE_CURVE('',#395,#401,#403,.T.);
#401=VERTEX_POINT('',#402);
#402=CARTESIAN_POINT('',(-0.32,-2.86,0.25));
#403=LINE('',#404,#33);
#404=CARTESIAN_POINT('',(-0.32,-2.38,0.25));
#405=ORIENTED_EDGE('',*,*,#406,.T.);
#406=EDGE_CURVE('',#401,#387,#407,.T.);
#407=LINE('',#408,#102);
#408=CARTESIAN_POINT('',(0.504028653158,-2.86,0.25));
#409=FACE_BOUND('',#410,.T.);
#410=EDGE_LOOP('',(#411,#419,#425,#431));
#411=ORIENTED_EDGE('',*,*,#412,.T.);
#412=EDGE_CURVE('',#413,#415,#417,.T.);
#413=VERTEX_POINT('',#414);
#414=CARTESIAN_POINT('',(2.22,-4.76,0.25));
#415=VERTEX_POINT('',#416);
#416=CARTESIAN_POINT('',(2.22,-5.4,0.25));
#417=LINE('',#418,#33);
#418=CARTESIAN_POINT('',(2.22,-3.65,0.25));
#419=ORIENTED_EDGE('',*,*,#420,.T.);
#420=EDGE_CURVE('',#415,#421,#423,.T.);
#421=VERTEX_POINT('',#422);
#422=CARTESIAN_POINT('',(2.86,-5.4,0.25));
#423=LINE('',#424,#102);
#424=CARTESIAN_POINT('',(1.774028653158,-5.4,0.25));
#425=ORIENTED_EDGE('',*,*,#426,.T.);
#426=EDGE_CURVE('',#421,#427,#429,.T.);
#427=VERTEX_POINT('',#428);
#428=CARTESIAN_POINT('',(2.86,-4.76,0.25));
#429=LINE('',#430,#60);
#430=CARTESIAN_POINT('',(2.86,-3.97,0.25));
#431=ORIENTED_EDGE('',*,*,#432,.T.);
#432=EDGE_CURVE('',#427,#413,#433,.T.);
#433=LINE('',#434,#89);
#434=CARTESIAN_POINT('',(2.094028653158,-4.76,0.25));
#435=FACE_BOUND('',#436,.T.);
#436=EDGE_LOOP('',(#437,#445,#451,#457));
#437=ORIENTED_EDGE('',*,*,#438,.T.);
#438=EDGE_CURVE('',#439,#441,#443,.T.);
#439=VERTEX_POINT('',#440);
#440=CARTESIAN_POINT('',(0.32,-4.76,0.25));
#441=VERTEX_POINT('',#442);
#442=CARTESIAN_POINT('',(-0.32,-4.76,0.25));
#443=LINE('',#444,#89);
#444=CARTESIAN_POINT('',(0.824028653158,-4.76,0.25));
#445=ORIENTED_EDGE('',*,*,#446,.T.);
#446=EDGE_CURVE('',#441,#447,#449,.T.);
#447=VERTEX_POINT('',#448);
#448=CARTESIAN_POINT('',(-0.32,-5.4,0.25));
#449=LINE('',#450,#33);
#450=CARTESIAN_POINT('',(-0.32,-3.65,0.25));
#451=ORIENTED_EDGE('',*,*,#452,.T.);
#452=EDGE_CURVE('',#447,#453,#455,.T.);
#453=VERTEX_POINT('',#454);
#454=CARTESIAN_POINT('',(0.32,-5.4,0.25));
#455=LINE('',#456,#102);
#456=CARTESIAN_POINT('',(0.504028653158,-5.4,0.25));
#457=ORIENTED_EDGE('',*,*,#458,.T.);
#458=EDGE_CURVE('',#453,#439,#459,.T.);
#459=LINE('',#460,#60);
#460=CARTESIAN_POINT('',(0.32,-3.97,0.25));
#461=FACE_BOUND('',#462,.T.);
#462=EDGE_LOOP('',(#463,#471,#477,#483));
#463=ORIENTED_EDGE('',*,*,#464,.T.);
#464=EDGE_CURVE('',#465,#467,#469,.T.);
#465=VERTEX_POINT('',#466);
#466=CARTESIAN_POINT('',(-0.32,-0.32,0.25));
#467=VERTEX_POINT('',#468);
#468=CARTESIAN_POINT('',(0.32,-0.32,0.25));
#469=LINE('',#470,#102);
#470=CARTESIAN_POINT('',(0.504028653158,-0.32,0.25));
#471=ORIENTED_EDGE('',*,*,#472,.T.);
#472=EDGE_CURVE('',#467,#473,#475,.T.);
#473=VERTEX_POINT('',#474);
#474=CARTESIAN_POINT('',(0.32,0.32,0.25));
#475=LINE('',#476,#60);
#476=CARTESIAN_POINT('',(0.32,-1.43,0.25));
#477=ORIENTED_EDGE('',*,*,#478,.T.);
#478=EDGE_CURVE('',#473,#479,#481,.T.);
#479=VERTEX_POINT('',#480);
#480=CARTESIAN_POINT('',(-0.32,0.32,0.25));
#481=LINE('',#482,#89);
#482=CARTESIAN_POINT('',(0.824028653158,0.32,0.25));
#483=ORIENTED_EDGE('',*,*,#484,.T.);
#484=EDGE_CURVE('',#479,#465,#485,.T.);
#485=LINE('',#486,#33);
#486=CARTESIAN_POINT('',(-0.32,-1.11,0.25));
#487=FACE_BOUND('',#488,.T.);
#488=EDGE_LOOP('',(#489,#497,#503,#509));
#489=ORIENTED_EDGE('',*,*,#490,.T.);
#490=EDGE_CURVE('',#491,#493,#495,.T.);
#491=VERTEX_POINT('',#492);
#492=CARTESIAN_POINT('',(2.86,-0.32,0.25));
#493=VERTEX_POINT('',#494);
#494=CARTESIAN_POINT('',(2.86,0.32,0.25));
#495=LINE('',#496,#60);
#496=CARTESIAN_POINT('',(2.86,-1.43,0.25));
#497=ORIENTED_EDGE('',*,*,#498,.T.);
#498=EDGE_CURVE('',#493,#499,#501,.T.);
#499=VERTEX_POINT('',#500);
#500=CARTESIAN_POINT('',(2.22,0.32,0.25));
#501=LINE('',#502,#89);
#502=CARTESIAN_POINT('',(2.094028653158,0.32,0.25));
#503=ORIENTED_EDGE('',*,*,#504,.T.);
#504=EDGE_CURVE('',#499,#505,#507,.T.);
#505=VERTEX_POINT('',#506);
#506=CARTESIAN_POINT('',(2.22,-0.32,0.25));
#507=LINE('',#508,#33);
#508=CARTESIAN_POINT('',(2.22,-1.11,0.25));
#509=ORIENTED_EDGE('',*,*,#510,.T.);
#510=EDGE_CURVE('',#505,#491,#511,.T.);
#511=LINE('',#512,#102);
#512=CARTESIAN_POINT('',(1.774028653158,-0.32,0.25));
#513=FACE_BOUND('',#514,.T.);
#514=EDGE_LOOP('',(#515));
#515=ORIENTED_EDGE('',*,*,#516,.T.);
#516=EDGE_CURVE('',#517,#517,#519,.T.);
#517=VERTEX_POINT('',#518);
#518=CARTESIAN_POINT('',(-1.08,-7.68,0.25));
#519=CIRCLE('',#520,0.5);
#520=AXIS2_PLACEMENT_3D('',#521,#13,#14);
#521=CARTESIAN_POINT('',(-1.58,-7.68,0.25));
#522=FACE_BOUND('',#523,.T.);
#523=EDGE_LOOP('',(#524));
#524=ORIENTED_EDGE('',*,*,#525,.T.);
#525=EDGE_CURVE('',#526,#526,#528,.T.);
#526=VERTEX_POINT('',#527);
#527=CARTESIAN_POINT('',(-1.08,-2.54,0.25));
#528=CIRCLE('',#529,0.5);
#529=AXIS2_PLACEMENT_3D('',#530,#13,#14);
#530=CARTESIAN_POINT('',(-1.58,-2.54,0.25));
#531=FACE_BOUND('',#532,.T.);
#532=EDGE_LOOP('',(#533));
#533=ORIENTED_EDGE('',*,*,#534,.T.);
#534=EDGE_CURVE('',#535,#535,#537,.T.);
#535=VERTEX_POINT('',#536);
#536=CARTESIAN_POINT('',(4.62,-2.54,0.25));
#537=CIRCLE('',#538,0.5);
#538=AXIS2_PLACEMENT_3D('',#539,#13,#14);
#539=CARTESIAN_POINT('',(4.12,-2.54,0.25));
#540=FACE_BOUND('',#541,.T.);
#541=EDGE_LOOP('',(#542));
#542=ORIENTED_EDGE('',*,*,#543,.T.);
#543=EDGE_CURVE('',#544,#544,#546,.T.);
#544=VERTEX_POINT('',#545);
#545=CARTESIAN_POINT('',(4.62,-7.68,0.25));
#546=CIRCLE('',#547,0.5);
#547=AXIS2_PLACEMENT_3D('',#548,#13,#14);
#548=CARTESIAN_POINT('',(4.12,-7.68,0.25));
#549=FACE_BOUND('',#550,.T.);
#550=EDGE_LOOP('',(#551));
#551=ORIENTED_EDGE('',*,*,#552,.T.);
#552=EDGE_CURVE('',#553,#553,#555,.T.);
#553=VERTEX_POINT('',#554);
#554=CARTESIAN_POINT('',(-1.08,2.6,0.25));
#555=CIRCLE('',#556,0.5);
#556=AXIS2_PLACEMENT_3D('',#557,#13,#14);
#557=CARTESIAN_POINT('',(-1.58,2.6,0.25));
#558=FACE_BOUND('',#559,.T.);
#559=EDGE_LOOP('',(#560));
#560=ORIENTED_EDGE('',*,*,#561,.T.);
#561=EDGE_CURVE('',#562,#562,#564,.T.);
#562=VERTEX_POINT('',#563);
#563=CARTESIAN_POINT('',(4.62,2.6,0.25));
#564=CIRCLE('',#565,0.5);
#565=AXIS2_PLACEMENT_3D('',#566,#13,#14);
#566=CARTESIAN_POINT('',(4.12,2.6,0.25));
#567=PLANE('',#568);
#568=AXIS2_PLACEMENT_3D('',#569,#53,#73);
#569=CARTESIAN_POINT('',(1.328057306317,-2.54,0.25));
#570=ADVANCED_FACE('',(#571),#622,.T.);
#571=FACE_BOUND('',#572,.T.);
#572=EDGE_LOOP('',(#573,#574,#575,#580,#586,#589,#590,#595,#601,#604,#605,#610,#616,#619,#620,#621));
#573=ORIENTED_EDGE('',*,*,#267,.F.);
#574=ORIENTED_EDGE('',*,*,#340,.T.);
#575=ORIENTED_EDGE('',*,*,#576,.F.);
#576=EDGE_CURVE('',#577,#337,#579,.T.);
#577=VERTEX_POINT('',#578);
#578=CARTESIAN_POINT('',(5.695,-8.113012701892,8.75));
#579=LINE('',#338,#52);
#580=ORIENTED_EDGE('',*,*,#581,.F.);
#581=EDGE_CURVE('',#582,#577,#584,.T.);
#582=VERTEX_POINT('',#583);
#583=CARTESIAN_POINT('',(5.695,-7.246987298108,8.75));
#584=LINE('',#585,#33);
#585=CARTESIAN_POINT('',(5.695,-5.11,8.75));
#586=ORIENTED_EDGE('',*,*,#587,.T.);
#587=EDGE_CURVE('',#582,#326,#588,.T.);
#588=LINE('',#327,#52);
#589=ORIENTED_EDGE('',*,*,#325,.T.);
#590=ORIENTED_EDGE('',*,*,#591,.F.);
#591=EDGE_CURVE('',#592,#322,#594,.T.);
#592=VERTEX_POINT('',#593);
#593=CARTESIAN_POINT('',(5.695,-2.973012701892,8.75));
#594=LINE('',#323,#52);
#595=ORIENTED_EDGE('',*,*,#596,.F.);
#596=EDGE_CURVE('',#597,#592,#599,.T.);
#597=VERTEX_POINT('',#598);
#598=CARTESIAN_POINT('',(5.695,-2.106987298108,8.75));
#599=LINE('',#600,#33);
#600=CARTESIAN_POINT('',(5.695,-2.54,8.75));
#601=ORIENTED_EDGE('',*,*,#602,.T.);
#602=EDGE_CURVE('',#597,#311,#603,.T.);
#603=LINE('',#312,#52);
#604=ORIENTED_EDGE('',*,*,#310,.T.);
#605=ORIENTED_EDGE('',*,*,#606,.F.);
#606=EDGE_CURVE('',#607,#307,#609,.T.);
#607=VERTEX_POINT('',#608);
#608=CARTESIAN_POINT('',(5.695,2.166987298108,8.75));
#609=LINE('',#308,#52);
#610=ORIENTED_EDGE('',*,*,#611,.F.);
#611=EDGE_CURVE('',#612,#607,#614,.T.);
#612=VERTEX_POINT('',#613);
#613=CARTESIAN_POINT('',(5.695,3.033012701892,8.75));
#614=LINE('',#615,#33);
#615=CARTESIAN_POINT('',(5.695,3.E-02,8.75));
#616=ORIENTED_EDGE('',*,*,#617,.T.);
#617=EDGE_CURVE('',#612,#295,#618,.T.);
#618=LINE('',#296,#52);
#619=ORIENTED_EDGE('',*,*,#294,.T.);
#620=ORIENTED_EDGE('',*,*,#78,.T.);
#621=ORIENTED_EDGE('',*,*,#128,.F.);
#622=PLANE('',#623);
#623=AXIS2_PLACEMENT_3D('',#624,#14,#13);
#624=CARTESIAN_POINT('',(5.695,-2.54,4.675));
#625=ADVANCED_FACE('',(#626),#651,.T.);
#626=FACE_BOUND('',#627,.T.);
#627=EDGE_LOOP('',(#628,#629,#630,#636,#642,#648));
#628=ORIENTED_EDGE('',*,*,#279,.F.);
#629=ORIENTED_EDGE('',*,*,#104,.F.);
#630=ORIENTED_EDGE('',*,*,#631,.T.);
#631=EDGE_CURVE('',#98,#632,#634,.T.);
#632=VERTEX_POINT('',#633);
#633=CARTESIAN_POINT('',(-0.48,3.94,6.75));
#634=LINE('',#635,#33);
#635=CARTESIAN_POINT('',(-0.48,6.35,6.75));
#636=ORIENTED_EDGE('',*,*,#637,.F.);
#637=EDGE_CURVE('',#638,#632,#640,.T.);
#638=VERTEX_POINT('',#639);
#639=CARTESIAN_POINT('',(-0.48,3.94,2.6));
#640=LINE('',#641,#27);
#641=CARTESIAN_POINT('',(-0.48,3.94,0.25));
#642=ORIENTED_EDGE('',*,*,#643,.F.);
#643=EDGE_CURVE('',#644,#638,#646,.T.);
#644=VERTEX_POINT('',#645);
#645=CARTESIAN_POINT('',(-0.48,3.85,2.6));
#646=LINE('',#647,#60);
#647=CARTESIAN_POINT('',(-0.48,1.905,2.6));
#648=ORIENTED_EDGE('',*,*,#649,.F.);
#649=EDGE_CURVE('',#280,#644,#650,.T.);
#650=LINE('',#281,#27);
#651=PLANE('',#652);
#652=AXIS2_PLACEMENT_3D('',#283,#14,#34);
#653=ADVANCED_FACE('',(#654),#666,.F.);
#654=FACE_BOUND('',#655,.F.);
#655=EDGE_LOOP('',(#630,#656,#662,#96));
#656=ORIENTED_EDGE('',*,*,#657,.F.);
#657=EDGE_CURVE('',#658,#632,#660,.T.);
#658=VERTEX_POINT('',#659);
#659=CARTESIAN_POINT('',(3.02,3.94,6.75));
#660=LINE('',#661,#89);
#661=CARTESIAN_POINT('',(2.8575,3.94,6.75));
#662=ORIENTED_EDGE('',*,*,#663,.T.);
#663=EDGE_CURVE('',#658,#92,#664,.T.);
#664=LINE('',#665,#60);
#665=CARTESIAN_POINT('',(3.02,3.85,6.75));
#666=PLANE('',#667);
#667=AXIS2_PLACEMENT_3D('',#101,#13,#14);
#668=ADVANCED_FACE('',(#669),#688,.T.);
#669=FACE_BOUND('',#670,.T.);
#670=EDGE_LOOP('',(#671,#672,#677,#683,#662,#687));
#671=ORIENTED_EDGE('',*,*,#290,.F.);
#672=ORIENTED_EDGE('',*,*,#673,.T.);
#673=EDGE_CURVE('',#286,#674,#676,.T.);
#674=VERTEX_POINT('',#675);
#675=CARTESIAN_POINT('',(3.02,3.85,2.6));
#676=LINE('',#287,#27);
#677=ORIENTED_EDGE('',*,*,#678,.F.);
#678=EDGE_CURVE('',#679,#674,#681,.T.);
#679=VERTEX_POINT('',#680);
#680=CARTESIAN_POINT('',(3.02,3.94,2.6));
#681=LINE('',#682,#33);
#682=CARTESIAN_POINT('',(3.02,0.655,2.6));
#683=ORIENTED_EDGE('',*,*,#684,.F.);
#684=EDGE_CURVE('',#658,#679,#685,.T.);
#685=LINE('',#686,#52);
#686=CARTESIAN_POINT('',(3.02,3.94,0.25));
#687=ORIENTED_EDGE('',*,*,#91,.F.);
#688=PLANE('',#689);
#689=AXIS2_PLACEMENT_3D('',#287,#73,#61);
#690=ADVANCED_FACE('',(#691),#705,.T.);
#691=FACE_BOUND('',#692,.T.);
#692=EDGE_LOOP('',(#693,#699,#703,#704));
#693=ORIENTED_EDGE('',*,*,#694,.F.);
#694=EDGE_CURVE('',#695,#155,#697,.T.);
#695=VERTEX_POINT('',#696);
#696=CARTESIAN_POINT('',(-1.905,-9.02,2.6));
#697=LINE('',#698,#27);
#698=CARTESIAN_POINT('',(-1.905,-9.02,0.25));
#699=ORIENTED_EDGE('',*,*,#700,.T.);
#700=EDGE_CURVE('',#695,#220,#701,.T.);
#701=LINE('',#702,#60);
#702=CARTESIAN_POINT('',(-1.905,0.7,2.6));
#703=ORIENTED_EDGE('',*,*,#219,.T.);
#704=ORIENTED_EDGE('',*,*,#159,.T.);
#705=PLANE('',#706);
#706=AXIS2_PLACEMENT_3D('',#707,#14,#34);
#707=CARTESIAN_POINT('',(-1.905,3.94,0.25));
#708=ADVANCED_FACE('',(#709),#745,.T.);
#709=FACE_BOUND('',#710,.T.);
#710=EDGE_LOOP('',(#711,#717,#723,#729,#735,#741,#743,#744));
#711=ORIENTED_EDGE('',*,*,#712,.F.);
#712=EDGE_CURVE('',#713,#150,#715,.T.);
#713=VERTEX_POINT('',#714);
#714=CARTESIAN_POINT('',(4.445,-9.02,2.6));
#715=LINE('',#716,#27);
#716=CARTESIAN_POINT('',(4.445,-9.02,0.25));
#717=ORIENTED_EDGE('',*,*,#718,.T.);
#718=EDGE_CURVE('',#713,#719,#721,.T.);
#719=VERTEX_POINT('',#720);
#720=CARTESIAN_POINT('',(3.02,-9.02,2.6));
#721=LINE('',#722,#89);
#722=CARTESIAN_POINT('',(-0.3175,-9.02,2.6));
#723=ORIENTED_EDGE('',*,*,#724,.T.);
#724=EDGE_CURVE('',#719,#725,#727,.T.);
#725=VERTEX_POINT('',#726);
#726=CARTESIAN_POINT('',(3.02,-9.02,6.75));
#727=LINE('',#728,#27);
#728=CARTESIAN_POINT('',(3.02,-9.02,0.25));
#729=ORIENTED_EDGE('',*,*,#730,.F.);
#730=EDGE_CURVE('',#731,#725,#733,.T.);
#731=VERTEX_POINT('',#732);
#732=CARTESIAN_POINT('',(-0.48,-9.02,6.75));
#733=LINE('',#734,#102);
#734=CARTESIAN_POINT('',(-0.3175,-9.02,6.75));
#735=ORIENTED_EDGE('',*,*,#736,.T.);
#736=EDGE_CURVE('',#731,#737,#739,.T.);
#737=VERTEX_POINT('',#738);
#738=CARTESIAN_POINT('',(-0.48,-9.02,2.6));
#739=LINE('',#740,#52);
#740=CARTESIAN_POINT('',(-0.48,-9.02,0.25));
#741=ORIENTED_EDGE('',*,*,#742,.T.);
#742=EDGE_CURVE('',#737,#695,#721,.T.);
#743=ORIENTED_EDGE('',*,*,#694,.T.);
#744=ORIENTED_EDGE('',*,*,#154,.T.);
#745=PLANE('',#746);
#746=AXIS2_PLACEMENT_3D('',#698,#61,#14);
#747=ADVANCED_FACE('',(#748),#762,.T.);
#748=FACE_BOUND('',#749,.T.);
#749=EDGE_LOOP('',(#750,#756,#757,#758));
#750=ORIENTED_EDGE('',*,*,#751,.T.);
#751=EDGE_CURVE('',#752,#713,#754,.T.);
#752=VERTEX_POINT('',#753);
#753=CARTESIAN_POINT('',(4.445,3.94,2.6));
#754=LINE('',#755,#33);
#755=CARTESIAN_POINT('',(4.445,-5.78,2.6));
#756=ORIENTED_EDGE('',*,*,#712,.T.);
#757=ORIENTED_EDGE('',*,*,#149,.T.);
#758=ORIENTED_EDGE('',*,*,#759,.F.);
#759=EDGE_CURVE('',#752,#145,#760,.T.);
#760=LINE('',#761,#27);
#761=CARTESIAN_POINT('',(4.445,3.94,0.25));
#762=PLANE('',#763);
#763=AXIS2_PLACEMENT_3D('',#716,#73,#61);
#764=ADVANCED_FACE('',(#765),#782,.T.);
#765=FACE_BOUND('',#766,.T.);
#766=EDGE_LOOP('',(#767,#772,#776,#656,#777,#778,#780,#781));
#767=ORIENTED_EDGE('',*,*,#768,.F.);
#768=EDGE_CURVE('',#769,#140,#771,.T.);
#769=VERTEX_POINT('',#770);
#770=CARTESIAN_POINT('',(-1.905,3.94,2.6));
#771=LINE('',#707,#27);
#772=ORIENTED_EDGE('',*,*,#773,.T.);
#773=EDGE_CURVE('',#769,#638,#774,.T.);
#774=LINE('',#775,#102);
#775=CARTESIAN_POINT('',(2.8575,3.94,2.6));
#776=ORIENTED_EDGE('',*,*,#637,.T.);
#777=ORIENTED_EDGE('',*,*,#684,.T.);
#778=ORIENTED_EDGE('',*,*,#779,.T.);
#779=EDGE_CURVE('',#679,#752,#774,.T.);
#780=ORIENTED_EDGE('',*,*,#759,.T.);
#781=ORIENTED_EDGE('',*,*,#144,.T.);
#782=PLANE('',#783);
#783=AXIS2_PLACEMENT_3D('',#761,#34,#73);
#784=ADVANCED_FACE('',(#785),#705,.T.);
#785=FACE_BOUND('',#786,.T.);
#786=EDGE_LOOP('',(#787,#788,#790,#791));
#787=ORIENTED_EDGE('',*,*,#189,.T.);
#788=ORIENTED_EDGE('',*,*,#789,.T.);
#789=EDGE_CURVE('',#184,#769,#701,.T.);
#790=ORIENTED_EDGE('',*,*,#768,.T.);
#791=ORIENTED_EDGE('',*,*,#139,.T.);
#792=ADVANCED_FACE('',(#793,#830,#856,#882,#908,#934,#960),#986,.T.);
#793=FACE_BOUND('',#794,.T.);
#794=EDGE_LOOP('',(#795,#796,#797,#803,#809,#813,#814,#815,#816,#817,#821,#822,#823,#824,#825,#829));
#795=ORIENTED_EDGE('',*,*,#700,.F.);
#796=ORIENTED_EDGE('',*,*,#742,.F.);
#797=ORIENTED_EDGE('',*,*,#798,.T.);
#798=EDGE_CURVE('',#737,#799,#801,.T.);
#799=VERTEX_POINT('',#800);
#800=CARTESIAN_POINT('',(-0.48,-8.93,2.6));
#801=LINE('',#802,#60);
#802=CARTESIAN_POINT('',(-0.48,-5.735,2.6));
#803=ORIENTED_EDGE('',*,*,#804,.T.);
#804=EDGE_CURVE('',#799,#805,#807,.T.);
#805=VERTEX_POINT('',#806);
#806=CARTESIAN_POINT('',(3.02,-8.93,2.6));
#807=LINE('',#808,#102);
#808=CARTESIAN_POINT('',(2.145,-8.93,2.6));
#809=ORIENTED_EDGE('',*,*,#810,.T.);
#810=EDGE_CURVE('',#805,#719,#811,.T.);
#811=LINE('',#812,#33);
#812=CARTESIAN_POINT('',(3.02,-6.985,2.6));
#813=ORIENTED_EDGE('',*,*,#718,.F.);
#814=ORIENTED_EDGE('',*,*,#751,.F.);
#815=ORIENTED_EDGE('',*,*,#779,.F.);
#816=ORIENTED_EDGE('',*,*,#678,.T.);
#817=ORIENTED_EDGE('',*,*,#818,.T.);
#818=EDGE_CURVE('',#674,#644,#819,.T.);
#819=LINE('',#820,#89);
#820=CARTESIAN_POINT('',(0.395,3.85,2.6));
#821=ORIENTED_EDGE('',*,*,#643,.T.);
#822=ORIENTED_EDGE('',*,*,#773,.F.);
#823=ORIENTED_EDGE('',*,*,#789,.F.);
#824=ORIENTED_EDGE('',*,*,#183,.T.);
#825=ORIENTED_EDGE('',*,*,#826,.T.);
#826=EDGE_CURVE('',#179,#226,#827,.T.);
#827=LINE('',#828,#33);
#828=CARTESIAN_POINT('',(-1.155,-3.665,2.6));
#829=ORIENTED_EDGE('',*,*,#225,.T.);
#830=FACE_BOUND('',#831,.T.);
#831=EDGE_LOOP('',(#832,#840,#846,#852));
#832=ORIENTED_EDGE('',*,*,#833,.T.);
#833=EDGE_CURVE('',#834,#836,#838,.T.);
#834=VERTEX_POINT('',#835);
#835=CARTESIAN_POINT('',(2.86,-2.22,2.6));
#836=VERTEX_POINT('',#837);
#837=CARTESIAN_POINT('',(2.86,-2.86,2.6));
#838=LINE('',#839,#33);
#839=CARTESIAN_POINT('',(2.86,-2.7,2.6));
#840=ORIENTED_EDGE('',*,*,#841,.T.);
#841=EDGE_CURVE('',#836,#842,#844,.T.);
#842=VERTEX_POINT('',#843);
#843=CARTESIAN_POINT('',(2.22,-2.86,2.6));
#844=LINE('',#845,#89);
#845=CARTESIAN_POINT('',(1.745,-2.86,2.6));
#846=ORIENTED_EDGE('',*,*,#847,.T.);
#847=EDGE_CURVE('',#842,#848,#850,.T.);
#848=VERTEX_POINT('',#849);
#849=CARTESIAN_POINT('',(2.22,-2.22,2.6));
#850=LINE('',#851,#60);
#851=CARTESIAN_POINT('',(2.22,-2.38,2.6));
#852=ORIENTED_EDGE('',*,*,#853,.T.);
#853=EDGE_CURVE('',#848,#834,#854,.T.);
#854=LINE('',#855,#102);
#855=CARTESIAN_POINT('',(2.065,-2.22,2.6));
#856=FACE_BOUND('',#857,.T.);
#857=EDGE_LOOP('',(#858,#866,#872,#878));
#858=ORIENTED_EDGE('',*,*,#859,.T.);
#859=EDGE_CURVE('',#860,#862,#864,.T.);
#860=VERTEX_POINT('',#861);
#861=CARTESIAN_POINT('',(2.86,-4.76,2.6));
#862=VERTEX_POINT('',#863);
#863=CARTESIAN_POINT('',(2.86,-5.4,2.6));
#864=LINE('',#865,#33);
#865=CARTESIAN_POINT('',(2.86,-3.97,2.6));
#866=ORIENTED_EDGE('',*,*,#867,.T.);
#867=EDGE_CURVE('',#862,#868,#870,.T.);
#868=VERTEX_POINT('',#869);
#869=CARTESIAN_POINT('',(2.22,-5.4,2.6));
#870=LINE('',#871,#89);
#871=CARTESIAN_POINT('',(1.745,-5.4,2.6));
#872=ORIENTED_EDGE('',*,*,#873,.T.);
#873=EDGE_CURVE('',#868,#874,#876,.T.);
#874=VERTEX_POINT('',#875);
#875=CARTESIAN_POINT('',(2.22,-4.76,2.6));
#876=LINE('',#877,#60);
#877=CARTESIAN_POINT('',(2.22,-3.65,2.6));
#878=ORIENTED_EDGE('',*,*,#879,.T.);
#879=EDGE_CURVE('',#874,#860,#880,.T.);
#880=LINE('',#881,#102);
#881=CARTESIAN_POINT('',(2.065,-4.76,2.6));
#882=FACE_BOUND('',#883,.T.);
#883=EDGE_LOOP('',(#884,#892,#898,#904));
#884=ORIENTED_EDGE('',*,*,#885,.T.);
#885=EDGE_CURVE('',#886,#888,#890,.T.);
#886=VERTEX_POINT('',#887);
#887=CARTESIAN_POINT('',(-0.32,-2.86,2.6));
#888=VERTEX_POINT('',#889);
#889=CARTESIAN_POINT('',(-0.32,-2.22,2.6));
#890=LINE('',#891,#60);
#891=CARTESIAN_POINT('',(-0.32,-2.38,2.6));
#892=ORIENTED_EDGE('',*,*,#893,.T.);
#893=EDGE_CURVE('',#888,#894,#896,.T.);
#894=VERTEX_POINT('',#895);
#895=CARTESIAN_POINT('',(0.32,-2.22,2.6));
#896=LINE('',#897,#102);
#897=CARTESIAN_POINT('',(0.795,-2.22,2.6));
#898=ORIENTED_EDGE('',*,*,#899,.T.);
#899=EDGE_CURVE('',#894,#900,#902,.T.);
#900=VERTEX_POINT('',#901);
#901=CARTESIAN_POINT('',(0.32,-2.86,2.6));
#902=LINE('',#903,#33);
#903=CARTESIAN_POINT('',(0.32,-2.7,2.6));
#904=ORIENTED_EDGE('',*,*,#905,.T.);
#905=EDGE_CURVE('',#900,#886,#906,.T.);
#906=LINE('',#907,#89);
#907=CARTESIAN_POINT('',(0.475,-2.86,2.6));
#908=FACE_BOUND('',#909,.T.);
#909=EDGE_LOOP('',(#910,#918,#924,#930));
#910=ORIENTED_EDGE('',*,*,#911,.T.);
#911=EDGE_CURVE('',#912,#914,#916,.T.);
#912=VERTEX_POINT('',#913);
#913=CARTESIAN_POINT('',(0.32,-5.4,2.6));
#914=VERTEX_POINT('',#915);
#915=CARTESIAN_POINT('',(-0.32,-5.4,2.6));
#916=LINE('',#917,#89);
#917=CARTESIAN_POINT('',(0.475,-5.4,2.6));
#918=ORIENTED_EDGE('',*,*,#919,.T.);
#919=EDGE_CURVE('',#914,#920,#922,.T.);
#920=VERTEX_POINT('',#921);
#921=CARTESIAN_POINT('',(-0.32,-4.76,2.6));
#922=LINE('',#923,#60);
#923=CARTESIAN_POINT('',(-0.32,-3.65,2.6));
#924=ORIENTED_EDGE('',*,*,#925,.T.);
#925=EDGE_CURVE('',#920,#926,#928,.T.);
#926=VERTEX_POINT('',#927);
#927=CARTESIAN_POINT('',(0.32,-4.76,2.6));
#928=LINE('',#929,#102);
#929=CARTESIAN_POINT('',(0.795,-4.76,2.6));
#930=ORIENTED_EDGE('',*,*,#931,.T.);
#931=EDGE_CURVE('',#926,#912,#932,.T.);
#932=LINE('',#933,#33);
#933=CARTESIAN_POINT('',(0.32,-3.97,2.6));
#934=FACE_BOUND('',#935,.T.);
#935=EDGE_LOOP('',(#936,#944,#950,#956));
#936=ORIENTED_EDGE('',*,*,#937,.T.);
#937=EDGE_CURVE('',#938,#940,#942,.T.);
#938=VERTEX_POINT('',#939);
#939=CARTESIAN_POINT('',(-0.32,0.32,2.6));
#940=VERTEX_POINT('',#941);
#941=CARTESIAN_POINT('',(0.32,0.32,2.6));
#942=LINE('',#943,#102);
#943=CARTESIAN_POINT('',(0.795,0.32,2.6));
#944=ORIENTED_EDGE('',*,*,#945,.T.);
#945=EDGE_CURVE('',#940,#946,#948,.T.);
#946=VERTEX_POINT('',#947);
#947=CARTESIAN_POINT('',(0.32,-0.32,2.6));
#948=LINE('',#949,#33);
#949=CARTESIAN_POINT('',(0.32,-1.43,2.6));
#950=ORIENTED_EDGE('',*,*,#951,.T.);
#951=EDGE_CURVE('',#946,#952,#954,.T.);
#952=VERTEX_POINT('',#953);
#953=CARTESIAN_POINT('',(-0.32,-0.32,2.6));
#954=LINE('',#955,#89);
#955=CARTESIAN_POINT('',(0.475,-0.32,2.6));
#956=ORIENTED_EDGE('',*,*,#957,.T.);
#957=EDGE_CURVE('',#952,#938,#958,.T.);
#958=LINE('',#959,#60);
#959=CARTESIAN_POINT('',(-0.32,-1.11,2.6));
#960=FACE_BOUND('',#961,.T.);
#961=EDGE_LOOP('',(#962,#970,#976,#982));
#962=ORIENTED_EDGE('',*,*,#963,.T.);
#963=EDGE_CURVE('',#964,#966,#968,.T.);
#964=VERTEX_POINT('',#965);
#965=CARTESIAN_POINT('',(2.22,-0.32,2.6));
#966=VERTEX_POINT('',#967);
#967=CARTESIAN_POINT('',(2.22,0.32,2.6));
#968=LINE('',#969,#60);
#969=CARTESIAN_POINT('',(2.22,-1.11,2.6));
#970=ORIENTED_EDGE('',*,*,#971,.T.);
#971=EDGE_CURVE('',#966,#972,#974,.T.);
#972=VERTEX_POINT('',#973);
#973=CARTESIAN_POINT('',(2.86,0.32,2.6));
#974=LINE('',#975,#102);
#975=CARTESIAN_POINT('',(2.065,0.32,2.6));
#976=ORIENTED_EDGE('',*,*,#977,.T.);
#977=EDGE_CURVE('',#972,#978,#980,.T.);
#978=VERTEX_POINT('',#979);
#979=CARTESIAN_POINT('',(2.86,-0.32,2.6));
#980=LINE('',#981,#33);
#981=CARTESIAN_POINT('',(2.86,-1.43,2.6));
#982=ORIENTED_EDGE('',*,*,#983,.T.);
#983=EDGE_CURVE('',#978,#964,#984,.T.);
#984=LINE('',#985,#89);
#985=CARTESIAN_POINT('',(1.745,-0.32,2.6));
#986=PLANE('',#987);
#987=AXIS2_PLACEMENT_3D('',#988,#13,#14);
#988=CARTESIAN_POINT('',(1.27,-2.54,2.6));
#989=ADVANCED_FACE('',(#990),#996,.T.);
#990=FACE_BOUND('',#991,.T.);
#991=EDGE_LOOP('',(#992,#993,#994,#995));
#992=ORIENTED_EDGE('',*,*,#207,.F.);
#993=ORIENTED_EDGE('',*,*,#231,.T.);
#994=ORIENTED_EDGE('',*,*,#826,.F.);
#995=ORIENTED_EDGE('',*,*,#178,.F.);
#996=PLANE('',#997);
#997=AXIS2_PLACEMENT_3D('',#203,#73,#61);
#998=ADVANCED_FACE('',(#999),#1012,.T.);
#999=FACE_BOUND('',#1000,.T.);
#1000=EDGE_LOOP('',(#1001,#1002,#1003,#1007,#1008,#1009));
#1001=ORIENTED_EDGE('',*,*,#343,.F.);
#1002=ORIENTED_EDGE('',*,*,#257,.F.);
#1003=ORIENTED_EDGE('',*,*,#1004,.T.);
#1004=EDGE_CURVE('',#252,#725,#1005,.T.);
#1005=LINE('',#1006,#60);
#1006=CARTESIAN_POINT('',(3.02,-11.43,6.75));
#1007=ORIENTED_EDGE('',*,*,#724,.F.);
#1008=ORIENTED_EDGE('',*,*,#810,.F.);
#1009=ORIENTED_EDGE('',*,*,#1010,.F.);
#1010=EDGE_CURVE('',#344,#805,#1011,.T.);
#1011=LINE('',#345,#27);
#1012=PLANE('',#1013);
#1013=AXIS2_PLACEMENT_3D('',#347,#73,#61);
#1014=ADVANCED_FACE('',(#1015),#1021,.F.);
#1015=FACE_BOUND('',#1016,.F.);
#1016=EDGE_LOOP('',(#1017,#250,#1003,#729));
#1017=ORIENTED_EDGE('',*,*,#1018,.T.);
#1018=EDGE_CURVE('',#731,#246,#1019,.T.);
#1019=LINE('',#1020,#33);
#1020=CARTESIAN_POINT('',(-0.48,-8.93,6.75));
#1021=PLANE('',#1022);
#1022=AXIS2_PLACEMENT_3D('',#255,#13,#14);
#1023=ADVANCED_FACE('',(#1024),#1033,.T.);
#1024=FACE_BOUND('',#1025,.T.);
#1025=EDGE_LOOP('',(#1026,#1027,#1030,#1031,#1017,#1032));
#1026=ORIENTED_EDGE('',*,*,#354,.F.);
#1027=ORIENTED_EDGE('',*,*,#1028,.T.);
#1028=EDGE_CURVE('',#350,#799,#1029,.T.);
#1029=LINE('',#351,#27);
#1030=ORIENTED_EDGE('',*,*,#798,.F.);
#1031=ORIENTED_EDGE('',*,*,#736,.F.);
#1032=ORIENTED_EDGE('',*,*,#245,.F.);
#1033=PLANE('',#1034);
#1034=AXIS2_PLACEMENT_3D('',#351,#14,#34);
#1035=ADVANCED_FACE('',(#1036),#1042,.T.);
#1036=FACE_BOUND('',#1037,.T.);
#1037=EDGE_LOOP('',(#1038,#1039,#1040,#1041));
#1038=ORIENTED_EDGE('',*,*,#285,.F.);
#1039=ORIENTED_EDGE('',*,*,#649,.T.);
#1040=ORIENTED_EDGE('',*,*,#818,.F.);
#1041=ORIENTED_EDGE('',*,*,#673,.F.);
#1042=PLANE('',#1043);
#1043=AXIS2_PLACEMENT_3D('',#281,#61,#14);
#1044=ADVANCED_FACE('',(#1045),#1051,.T.);
#1045=FACE_BOUND('',#1046,.T.);
#1046=EDGE_LOOP('',(#1047,#1048,#1049,#1050));
#1047=ORIENTED_EDGE('',*,*,#349,.F.);
#1048=ORIENTED_EDGE('',*,*,#1010,.T.);
#1049=ORIENTED_EDGE('',*,*,#804,.F.);
#1050=ORIENTED_EDGE('',*,*,#1028,.F.);
#1051=PLANE('',#1052);
#1052=AXIS2_PLACEMENT_3D('',#345,#34,#73);
#1053=ADVANCED_FACE('',(#1054),#1065,.T.);
#1054=FACE_BOUND('',#1055,.F.);
#1055=EDGE_LOOP('',(#605,#1056,#1063,#616,#298,#305));
#1056=ORIENTED_EDGE('',*,*,#1057,.T.);
#1057=EDGE_CURVE('',#607,#1058,#1060,.T.);
#1058=VERTEX_POINT('',#1059);
#1059=CARTESIAN_POINT('',(5.945,2.6,8.75));
#1060=CIRCLE('',#1061,0.5);
#1061=AXIS2_PLACEMENT_3D('',#1062,#13,#14);
#1062=CARTESIAN_POINT('',(5.445,2.6,8.75));
#1063=ORIENTED_EDGE('',*,*,#1064,.T.);
#1064=EDGE_CURVE('',#1058,#612,#1060,.T.);
#1065=CYLINDRICAL_SURFACE('',#1066,0.5);
#1066=AXIS2_PLACEMENT_3D('',#304,#53,#14);
#1067=ADVANCED_FACE('',(#1068),#1079,.T.);
#1068=FACE_BOUND('',#1069,.F.);
#1069=EDGE_LOOP('',(#575,#1070,#1077,#586,#328,#335));
#1070=ORIENTED_EDGE('',*,*,#1071,.T.);
#1071=EDGE_CURVE('',#577,#1072,#1074,.T.);
#1072=VERTEX_POINT('',#1073);
#1073=CARTESIAN_POINT('',(5.945,-7.68,8.75));
#1074=CIRCLE('',#1075,0.5);
#1075=AXIS2_PLACEMENT_3D('',#1076,#13,#14);
#1076=CARTESIAN_POINT('',(5.445,-7.68,8.75));
#1077=ORIENTED_EDGE('',*,*,#1078,.T.);
#1078=EDGE_CURVE('',#1072,#582,#1074,.T.);
#1079=CYLINDRICAL_SURFACE('',#1080,0.5);
#1080=AXIS2_PLACEMENT_3D('',#334,#53,#14);
#1081=ADVANCED_FACE('',(#1082),#1093,.T.);
#1082=FACE_BOUND('',#1083,.F.);
#1083=EDGE_LOOP('',(#590,#1084,#1091,#601,#313,#320));
#1084=ORIENTED_EDGE('',*,*,#1085,.T.);
#1085=EDGE_CURVE('',#592,#1086,#1088,.T.);
#1086=VERTEX_POINT('',#1087);
#1087=CARTESIAN_POINT('',(5.945,-2.54,8.75));
#1088=CIRCLE('',#1089,0.5);
#1089=AXIS2_PLACEMENT_3D('',#1090,#13,#14);
#1090=CARTESIAN_POINT('',(5.445,-2.54,8.75));
#1091=ORIENTED_EDGE('',*,*,#1092,.T.);
#1092=EDGE_CURVE('',#1086,#597,#1088,.T.);
#1093=CYLINDRICAL_SURFACE('',#1094,0.5);
#1094=AXIS2_PLACEMENT_3D('',#319,#53,#14);
#1095=ADVANCED_FACE('',(#1096),#1113,.F.);
#1096=FACE_BOUND('',#1097,.F.);
#1097=EDGE_LOOP('',(#1098,#1105,#359,#1109));
#1098=ORIENTED_EDGE('',*,*,#1099,.F.);
#1099=EDGE_CURVE('',#1100,#1102,#1104,.T.);
#1100=VERTEX_POINT('',#1101);
#1101=CARTESIAN_POINT('',(2.22,-2.22,-2.8));
#1102=VERTEX_POINT('',#1103);
#1103=CARTESIAN_POINT('',(2.22,-2.86,-2.8));
#1104=LINE('',#1101,#33);
#1105=ORIENTED_EDGE('',*,*,#1106,.T.);
#1106=EDGE_CURVE('',#1100,#361,#1107,.T.);
#1107=LINE('',#1108,#27);
#1108=CARTESIAN_POINT('',(2.22,-2.22,-3.));
#1109=ORIENTED_EDGE('',*,*,#1110,.F.);
#1110=EDGE_CURVE('',#1102,#363,#1111,.T.);
#1111=LINE('',#1112,#27);
#1112=CARTESIAN_POINT('',(2.22,-2.86,-3.));
#1113=PLANE('',#1114);
#1114=AXIS2_PLACEMENT_3D('',#1108,#14,#34);
#1115=ADVANCED_FACE('',(#1116),#1128,.F.);
#1116=FACE_BOUND('',#1117,.F.);
#1117=EDGE_LOOP('',(#1118,#1123,#379,#1127));
#1118=ORIENTED_EDGE('',*,*,#1119,.F.);
#1119=EDGE_CURVE('',#1120,#1100,#1122,.T.);
#1120=VERTEX_POINT('',#1121);
#1121=CARTESIAN_POINT('',(2.86,-2.22,-2.8));
#1122=LINE('',#1121,#89);
#1123=ORIENTED_EDGE('',*,*,#1124,.T.);
#1124=EDGE_CURVE('',#1120,#375,#1125,.T.);
#1125=LINE('',#1126,#27);
#1126=CARTESIAN_POINT('',(2.86,-2.22,-3.));
#1127=ORIENTED_EDGE('',*,*,#1106,.F.);
#1128=PLANE('',#1129);
#1129=AXIS2_PLACEMENT_3D('',#1126,#34,#73);
#1130=ADVANCED_FACE('',(#1131),#1143,.F.);
#1131=FACE_BOUND('',#1132,.F.);
#1132=EDGE_LOOP('',(#1133,#1138,#373,#1142));
#1133=ORIENTED_EDGE('',*,*,#1134,.F.);
#1134=EDGE_CURVE('',#1135,#1120,#1137,.T.);
#1135=VERTEX_POINT('',#1136);
#1136=CARTESIAN_POINT('',(2.86,-2.86,-2.8));
#1137=LINE('',#1136,#60);
#1138=ORIENTED_EDGE('',*,*,#1139,.T.);
#1139=EDGE_CURVE('',#1135,#369,#1140,.T.);
#1140=LINE('',#1141,#27);
#1141=CARTESIAN_POINT('',(2.86,-2.86,-3.));
#1142=ORIENTED_EDGE('',*,*,#1124,.F.);
#1143=PLANE('',#1144);
#1144=AXIS2_PLACEMENT_3D('',#1141,#73,#61);
#1145=ADVANCED_FACE('',(#1146),#1153,.F.);
#1146=FACE_BOUND('',#1147,.F.);
#1147=EDGE_LOOP('',(#1148,#1151,#367,#1152));
#1148=ORIENTED_EDGE('',*,*,#1149,.F.);
#1149=EDGE_CURVE('',#1102,#1135,#1150,.T.);
#1150=LINE('',#1103,#102);
#1151=ORIENTED_EDGE('',*,*,#1110,.T.);
#1152=ORIENTED_EDGE('',*,*,#1139,.F.);
#1153=PLANE('',#1154);
#1154=AXIS2_PLACEMENT_3D('',#1112,#61,#14);
#1155=ADVANCED_FACE('',(#1156),#1173,.F.);
#1156=FACE_BOUND('',#1157,.F.);
#1157=EDGE_LOOP('',(#1158,#1165,#385,#1169));
#1158=ORIENTED_EDGE('',*,*,#1159,.F.);
#1159=EDGE_CURVE('',#1160,#1162,#1164,.T.);
#1160=VERTEX_POINT('',#1161);
#1161=CARTESIAN_POINT('',(0.32,-2.86,-2.8));
#1162=VERTEX_POINT('',#1163);
#1163=CARTESIAN_POINT('',(0.32,-2.22,-2.8));
#1164=LINE('',#1161,#60);
#1165=ORIENTED_EDGE('',*,*,#1166,.T.);
#1166=EDGE_CURVE('',#1160,#387,#1167,.T.);
#1167=LINE('',#1168,#27);
#1168=CARTESIAN_POINT('',(0.32,-2.86,-3.));
#1169=ORIENTED_EDGE('',*,*,#1170,.F.);
#1170=EDGE_CURVE('',#1162,#389,#1171,.T.);
#1171=LINE('',#1172,#27);
#1172=CARTESIAN_POINT('',(0.32,-2.22,-3.));
#1173=PLANE('',#1174);
#1174=AXIS2_PLACEMENT_3D('',#1168,#73,#61);
#1175=ADVANCED_FACE('',(#1176),#1188,.F.);
#1176=FACE_BOUND('',#1177,.F.);
#1177=EDGE_LOOP('',(#1178,#1183,#405,#1187));
#1178=ORIENTED_EDGE('',*,*,#1179,.F.);
#1179=EDGE_CURVE('',#1180,#1160,#1182,.T.);
#1180=VERTEX_POINT('',#1181);
#1181=CARTESIAN_POINT('',(-0.32,-2.86,-2.8));
#1182=LINE('',#1181,#102);
#1183=ORIENTED_EDGE('',*,*,#1184,.T.);
#1184=EDGE_CURVE('',#1180,#401,#1185,.T.);
#1185=LINE('',#1186,#27);
#1186=CARTESIAN_POINT('',(-0.32,-2.86,-3.));
#1187=ORIENTED_EDGE('',*,*,#1166,.F.);
#1188=PLANE('',#1189);
#1189=AXIS2_PLACEMENT_3D('',#1186,#61,#14);
#1190=ADVANCED_FACE('',(#1191),#1203,.F.);
#1191=FACE_BOUND('',#1192,.F.);
#1192=EDGE_LOOP('',(#1193,#1198,#399,#1202));
#1193=ORIENTED_EDGE('',*,*,#1194,.F.);
#1194=EDGE_CURVE('',#1195,#1180,#1197,.T.);
#1195=VERTEX_POINT('',#1196);
#1196=CARTESIAN_POINT('',(-0.32,-2.22,-2.8));
#1197=LINE('',#1196,#33);
#1198=ORIENTED_EDGE('',*,*,#1199,.T.);
#1199=EDGE_CURVE('',#1195,#395,#1200,.T.);
#1200=LINE('',#1201,#27);
#1201=CARTESIAN_POINT('',(-0.32,-2.22,-3.));
#1202=ORIENTED_EDGE('',*,*,#1184,.F.);
#1203=PLANE('',#1204);
#1204=AXIS2_PLACEMENT_3D('',#1201,#14,#34);
#1205=ADVANCED_FACE('',(#1206),#1213,.F.);
#1206=FACE_BOUND('',#1207,.F.);
#1207=EDGE_LOOP('',(#1208,#1211,#393,#1212));
#1208=ORIENTED_EDGE('',*,*,#1209,.F.);
#1209=EDGE_CURVE('',#1162,#1195,#1210,.T.);
#1210=LINE('',#1163,#89);
#1211=ORIENTED_EDGE('',*,*,#1170,.T.);
#1212=ORIENTED_EDGE('',*,*,#1199,.F.);
#1213=PLANE('',#1214);
#1214=AXIS2_PLACEMENT_3D('',#1172,#34,#73);
#1215=ADVANCED_FACE('',(#1216),#1233,.F.);
#1216=FACE_BOUND('',#1217,.F.);
#1217=EDGE_LOOP('',(#1218,#1225,#411,#1229));
#1218=ORIENTED_EDGE('',*,*,#1219,.F.);
#1219=EDGE_CURVE('',#1220,#1222,#1224,.T.);
#1220=VERTEX_POINT('',#1221);
#1221=CARTESIAN_POINT('',(2.22,-4.76,-2.8));
#1222=VERTEX_POINT('',#1223);
#1223=CARTESIAN_POINT('',(2.22,-5.4,-2.8));
#1224=LINE('',#1221,#33);
#1225=ORIENTED_EDGE('',*,*,#1226,.T.);
#1226=EDGE_CURVE('',#1220,#413,#1227,.T.);
#1227=LINE('',#1228,#27);
#1228=CARTESIAN_POINT('',(2.22,-4.76,-3.));
#1229=ORIENTED_EDGE('',*,*,#1230,.F.);
#1230=EDGE_CURVE('',#1222,#415,#1231,.T.);
#1231=LINE('',#1232,#27);
#1232=CARTESIAN_POINT('',(2.22,-5.4,-3.));
#1233=PLANE('',#1234);
#1234=AXIS2_PLACEMENT_3D('',#1228,#14,#34);
#1235=ADVANCED_FACE('',(#1236),#1248,.F.);
#1236=FACE_BOUND('',#1237,.F.);
#1237=EDGE_LOOP('',(#1238,#1243,#431,#1247));
#1238=ORIENTED_EDGE('',*,*,#1239,.F.);
#1239=EDGE_CURVE('',#1240,#1220,#1242,.T.);
#1240=VERTEX_POINT('',#1241);
#1241=CARTESIAN_POINT('',(2.86,-4.76,-2.8));
#1242=LINE('',#1241,#89);
#1243=ORIENTED_EDGE('',*,*,#1244,.T.);
#1244=EDGE_CURVE('',#1240,#427,#1245,.T.);
#1245=LINE('',#1246,#27);
#1246=CARTESIAN_POINT('',(2.86,-4.76,-3.));
#1247=ORIENTED_EDGE('',*,*,#1226,.F.);
#1248=PLANE('',#1249);
#1249=AXIS2_PLACEMENT_3D('',#1246,#34,#73);
#1250=ADVANCED_FACE('',(#1251),#1263,.F.);
#1251=FACE_BOUND('',#1252,.F.);
#1252=EDGE_LOOP('',(#1253,#1258,#425,#1262));
#1253=ORIENTED_EDGE('',*,*,#1254,.F.);
#1254=EDGE_CURVE('',#1255,#1240,#1257,.T.);
#1255=VERTEX_POINT('',#1256);
#1256=CARTESIAN_POINT('',(2.86,-5.4,-2.8));
#1257=LINE('',#1256,#60);
#1258=ORIENTED_EDGE('',*,*,#1259,.T.);
#1259=EDGE_CURVE('',#1255,#421,#1260,.T.);
#1260=LINE('',#1261,#27);
#1261=CARTESIAN_POINT('',(2.86,-5.4,-3.));
#1262=ORIENTED_EDGE('',*,*,#1244,.F.);
#1263=PLANE('',#1264);
#1264=AXIS2_PLACEMENT_3D('',#1261,#73,#61);
#1265=ADVANCED_FACE('',(#1266),#1273,.F.);
#1266=FACE_BOUND('',#1267,.F.);
#1267=EDGE_LOOP('',(#1268,#1271,#419,#1272));
#1268=ORIENTED_EDGE('',*,*,#1269,.F.);
#1269=EDGE_CURVE('',#1222,#1255,#1270,.T.);
#1270=LINE('',#1223,#102);
#1271=ORIENTED_EDGE('',*,*,#1230,.T.);
#1272=ORIENTED_EDGE('',*,*,#1259,.F.);
#1273=PLANE('',#1274);
#1274=AXIS2_PLACEMENT_3D('',#1232,#61,#14);
#1275=ADVANCED_FACE('',(#1276),#1293,.F.);
#1276=FACE_BOUND('',#1277,.F.);
#1277=EDGE_LOOP('',(#1278,#1285,#437,#1289));
#1278=ORIENTED_EDGE('',*,*,#1279,.F.);
#1279=EDGE_CURVE('',#1280,#1282,#1284,.T.);
#1280=VERTEX_POINT('',#1281);
#1281=CARTESIAN_POINT('',(0.32,-4.76,-2.8));
#1282=VERTEX_POINT('',#1283);
#1283=CARTESIAN_POINT('',(-0.32,-4.76,-2.8));
#1284=LINE('',#1281,#89);
#1285=ORIENTED_EDGE('',*,*,#1286,.T.);
#1286=EDGE_CURVE('',#1280,#439,#1287,.T.);
#1287=LINE('',#1288,#27);
#1288=CARTESIAN_POINT('',(0.32,-4.76,-3.));
#1289=ORIENTED_EDGE('',*,*,#1290,.F.);
#1290=EDGE_CURVE('',#1282,#441,#1291,.T.);
#1291=LINE('',#1292,#27);
#1292=CARTESIAN_POINT('',(-0.32,-4.76,-3.));
#1293=PLANE('',#1294);
#1294=AXIS2_PLACEMENT_3D('',#1288,#34,#73);
#1295=ADVANCED_FACE('',(#1296),#1308,.F.);
#1296=FACE_BOUND('',#1297,.F.);
#1297=EDGE_LOOP('',(#1298,#1303,#457,#1307));
#1298=ORIENTED_EDGE('',*,*,#1299,.F.);
#1299=EDGE_CURVE('',#1300,#1280,#1302,.T.);
#1300=VERTEX_POINT('',#1301);
#1301=CARTESIAN_POINT('',(0.32,-5.4,-2.8));
#1302=LINE('',#1301,#60);
#1303=ORIENTED_EDGE('',*,*,#1304,.T.);
#1304=EDGE_CURVE('',#1300,#453,#1305,.T.);
#1305=LINE('',#1306,#27);
#1306=CARTESIAN_POINT('',(0.32,-5.4,-3.));
#1307=ORIENTED_EDGE('',*,*,#1286,.F.);
#1308=PLANE('',#1309);
#1309=AXIS2_PLACEMENT_3D('',#1306,#73,#61);
#1310=ADVANCED_FACE('',(#1311),#1323,.F.);
#1311=FACE_BOUND('',#1312,.F.);
#1312=EDGE_LOOP('',(#1313,#1318,#451,#1322));
#1313=ORIENTED_EDGE('',*,*,#1314,.F.);
#1314=EDGE_CURVE('',#1315,#1300,#1317,.T.);
#1315=VERTEX_POINT('',#1316);
#1316=CARTESIAN_POINT('',(-0.32,-5.4,-2.8));
#1317=LINE('',#1316,#102);
#1318=ORIENTED_EDGE('',*,*,#1319,.T.);
#1319=EDGE_CURVE('',#1315,#447,#1320,.T.);
#1320=LINE('',#1321,#27);
#1321=CARTESIAN_POINT('',(-0.32,-5.4,-3.));
#1322=ORIENTED_EDGE('',*,*,#1304,.F.);
#1323=PLANE('',#1324);
#1324=AXIS2_PLACEMENT_3D('',#1321,#61,#14);
#1325=ADVANCED_FACE('',(#1326),#1333,.F.);
#1326=FACE_BOUND('',#1327,.F.);
#1327=EDGE_LOOP('',(#1328,#1331,#445,#1332));
#1328=ORIENTED_EDGE('',*,*,#1329,.F.);
#1329=EDGE_CURVE('',#1282,#1315,#1330,.T.);
#1330=LINE('',#1283,#33);
#1331=ORIENTED_EDGE('',*,*,#1290,.T.);
#1332=ORIENTED_EDGE('',*,*,#1319,.F.);
#1333=PLANE('',#1334);
#1334=AXIS2_PLACEMENT_3D('',#1292,#14,#34);
#1335=ADVANCED_FACE('',(#1336),#1353,.F.);
#1336=FACE_BOUND('',#1337,.F.);
#1337=EDGE_LOOP('',(#1338,#1345,#463,#1349));
#1338=ORIENTED_EDGE('',*,*,#1339,.F.);
#1339=EDGE_CURVE('',#1340,#1342,#1344,.T.);
#1340=VERTEX_POINT('',#1341);
#1341=CARTESIAN_POINT('',(-0.32,-0.32,-2.8));
#1342=VERTEX_POINT('',#1343);
#1343=CARTESIAN_POINT('',(0.32,-0.32,-2.8));
#1344=LINE('',#1341,#102);
#1345=ORIENTED_EDGE('',*,*,#1346,.T.);
#1346=EDGE_CURVE('',#1340,#465,#1347,.T.);
#1347=LINE('',#1348,#27);
#1348=CARTESIAN_POINT('',(-0.32,-0.32,-3.));
#1349=ORIENTED_EDGE('',*,*,#1350,.F.);
#1350=EDGE_CURVE('',#1342,#467,#1351,.T.);
#1351=LINE('',#1352,#27);
#1352=CARTESIAN_POINT('',(0.32,-0.32,-3.));
#1353=PLANE('',#1354);
#1354=AXIS2_PLACEMENT_3D('',#1348,#61,#14);
#1355=ADVANCED_FACE('',(#1356),#1368,.F.);
#1356=FACE_BOUND('',#1357,.F.);
#1357=EDGE_LOOP('',(#1358,#1363,#483,#1367));
#1358=ORIENTED_EDGE('',*,*,#1359,.F.);
#1359=EDGE_CURVE('',#1360,#1340,#1362,.T.);
#1360=VERTEX_POINT('',#1361);
#1361=CARTESIAN_POINT('',(-0.32,0.32,-2.8));
#1362=LINE('',#1361,#33);
#1363=ORIENTED_EDGE('',*,*,#1364,.T.);
#1364=EDGE_CURVE('',#1360,#479,#1365,.T.);
#1365=LINE('',#1366,#27);
#1366=CARTESIAN_POINT('',(-0.32,0.32,-3.));
#1367=ORIENTED_EDGE('',*,*,#1346,.F.);
#1368=PLANE('',#1369);
#1369=AXIS2_PLACEMENT_3D('',#1366,#14,#34);
#1370=ADVANCED_FACE('',(#1371),#1383,.F.);
#1371=FACE_BOUND('',#1372,.F.);
#1372=EDGE_LOOP('',(#1373,#1378,#477,#1382));
#1373=ORIENTED_EDGE('',*,*,#1374,.F.);
#1374=EDGE_CURVE('',#1375,#1360,#1377,.T.);
#1375=VERTEX_POINT('',#1376);
#1376=CARTESIAN_POINT('',(0.32,0.32,-2.8));
#1377=LINE('',#1376,#89);
#1378=ORIENTED_EDGE('',*,*,#1379,.T.);
#1379=EDGE_CURVE('',#1375,#473,#1380,.T.);
#1380=LINE('',#1381,#27);
#1381=CARTESIAN_POINT('',(0.32,0.32,-3.));
#1382=ORIENTED_EDGE('',*,*,#1364,.F.);
#1383=PLANE('',#1384);
#1384=AXIS2_PLACEMENT_3D('',#1381,#34,#73);
#1385=ADVANCED_FACE('',(#1386),#1393,.F.);
#1386=FACE_BOUND('',#1387,.F.);
#1387=EDGE_LOOP('',(#1388,#1391,#471,#1392));
#1388=ORIENTED_EDGE('',*,*,#1389,.F.);
#1389=EDGE_CURVE('',#1342,#1375,#1390,.T.);
#1390=LINE('',#1343,#60);
#1391=ORIENTED_EDGE('',*,*,#1350,.T.);
#1392=ORIENTED_EDGE('',*,*,#1379,.F.);
#1393=PLANE('',#1394);
#1394=AXIS2_PLACEMENT_3D('',#1352,#73,#61);
#1395=ADVANCED_FACE('',(#1396),#1413,.F.);
#1396=FACE_BOUND('',#1397,.F.);
#1397=EDGE_LOOP('',(#1398,#1405,#489,#1409));
#1398=ORIENTED_EDGE('',*,*,#1399,.F.);
#1399=EDGE_CURVE('',#1400,#1402,#1404,.T.);
#1400=VERTEX_POINT('',#1401);
#1401=CARTESIAN_POINT('',(2.86,-0.32,-2.8));
#1402=VERTEX_POINT('',#1403);
#1403=CARTESIAN_POINT('',(2.86,0.32,-2.8));
#1404=LINE('',#1401,#60);
#1405=ORIENTED_EDGE('',*,*,#1406,.T.);
#1406=EDGE_CURVE('',#1400,#491,#1407,.T.);
#1407=LINE('',#1408,#27);
#1408=CARTESIAN_POINT('',(2.86,-0.32,-3.));
#1409=ORIENTED_EDGE('',*,*,#1410,.F.);
#1410=EDGE_CURVE('',#1402,#493,#1411,.T.);
#1411=LINE('',#1412,#27);
#1412=CARTESIAN_POINT('',(2.86,0.32,-3.));
#1413=PLANE('',#1414);
#1414=AXIS2_PLACEMENT_3D('',#1408,#73,#61);
#1415=ADVANCED_FACE('',(#1416),#1428,.F.);
#1416=FACE_BOUND('',#1417,.F.);
#1417=EDGE_LOOP('',(#1418,#1423,#509,#1427));
#1418=ORIENTED_EDGE('',*,*,#1419,.F.);
#1419=EDGE_CURVE('',#1420,#1400,#1422,.T.);
#1420=VERTEX_POINT('',#1421);
#1421=CARTESIAN_POINT('',(2.22,-0.32,-2.8));
#1422=LINE('',#1421,#102);
#1423=ORIENTED_EDGE('',*,*,#1424,.T.);
#1424=EDGE_CURVE('',#1420,#505,#1425,.T.);
#1425=LINE('',#1426,#27);
#1426=CARTESIAN_POINT('',(2.22,-0.32,-3.));
#1427=ORIENTED_EDGE('',*,*,#1406,.F.);
#1428=PLANE('',#1429);
#1429=AXIS2_PLACEMENT_3D('',#1426,#61,#14);
#1430=ADVANCED_FACE('',(#1431),#1443,.F.);
#1431=FACE_BOUND('',#1432,.F.);
#1432=EDGE_LOOP('',(#1433,#1438,#503,#1442));
#1433=ORIENTED_EDGE('',*,*,#1434,.F.);
#1434=EDGE_CURVE('',#1435,#1420,#1437,.T.);
#1435=VERTEX_POINT('',#1436);
#1436=CARTESIAN_POINT('',(2.22,0.32,-2.8));
#1437=LINE('',#1436,#33);
#1438=ORIENTED_EDGE('',*,*,#1439,.T.);
#1439=EDGE_CURVE('',#1435,#499,#1440,.T.);
#1440=LINE('',#1441,#27);
#1441=CARTESIAN_POINT('',(2.22,0.32,-3.));
#1442=ORIENTED_EDGE('',*,*,#1424,.F.);
#1443=PLANE('',#1444);
#1444=AXIS2_PLACEMENT_3D('',#1441,#14,#34);
#1445=ADVANCED_FACE('',(#1446),#1453,.F.);
#1446=FACE_BOUND('',#1447,.F.);
#1447=EDGE_LOOP('',(#1448,#1451,#497,#1452));
#1448=ORIENTED_EDGE('',*,*,#1449,.F.);
#1449=EDGE_CURVE('',#1402,#1435,#1450,.T.);
#1450=LINE('',#1403,#89);
#1451=ORIENTED_EDGE('',*,*,#1410,.T.);
#1452=ORIENTED_EDGE('',*,*,#1439,.F.);
#1453=PLANE('',#1454);
#1454=AXIS2_PLACEMENT_3D('',#1412,#34,#73);
#1455=ADVANCED_FACE('',(#1456),#1470,.T.);
#1456=FACE_BOUND('',#1457,.T.);
#1457=EDGE_LOOP('',(#1458,#1459,#1464,#1469));
#1458=ORIENTED_EDGE('',*,*,#516,.F.);
#1459=ORIENTED_EDGE('',*,*,#1460,.T.);
#1460=EDGE_CURVE('',#517,#1461,#1463,.T.);
#1461=VERTEX_POINT('',#1462);
#1462=CARTESIAN_POINT('',(-1.08,-7.68,0.));
#1463=LINE('',#518,#52);
#1464=ORIENTED_EDGE('',*,*,#1465,.T.);
#1465=EDGE_CURVE('',#1461,#1461,#1466,.T.);
#1466=CIRCLE('',#1467,0.5);
#1467=AXIS2_PLACEMENT_3D('',#1468,#13,#14);
#1468=CARTESIAN_POINT('',(-1.58,-7.68,0.));
#1469=ORIENTED_EDGE('',*,*,#1460,.F.);
#1470=CYLINDRICAL_SURFACE('',#520,0.5);
#1471=ADVANCED_FACE('',(#1472),#1486,.T.);
#1472=FACE_BOUND('',#1473,.T.);
#1473=EDGE_LOOP('',(#1474,#1475,#1480,#1485));
#1474=ORIENTED_EDGE('',*,*,#525,.F.);
#1475=ORIENTED_EDGE('',*,*,#1476,.T.);
#1476=EDGE_CURVE('',#526,#1477,#1479,.T.);
#1477=VERTEX_POINT('',#1478);
#1478=CARTESIAN_POINT('',(-1.08,-2.54,0.));
#1479=LINE('',#527,#52);
#1480=ORIENTED_EDGE('',*,*,#1481,.T.);
#1481=EDGE_CURVE('',#1477,#1477,#1482,.T.);
#1482=CIRCLE('',#1483,0.5);
#1483=AXIS2_PLACEMENT_3D('',#1484,#13,#14);
#1484=CARTESIAN_POINT('',(-1.58,-2.54,0.));
#1485=ORIENTED_EDGE('',*,*,#1476,.F.);
#1486=CYLINDRICAL_SURFACE('',#529,0.5);
#1487=ADVANCED_FACE('',(#1488),#1502,.T.);
#1488=FACE_BOUND('',#1489,.T.);
#1489=EDGE_LOOP('',(#1490,#1491,#1496,#1501));
#1490=ORIENTED_EDGE('',*,*,#534,.F.);
#1491=ORIENTED_EDGE('',*,*,#1492,.T.);
#1492=EDGE_CURVE('',#535,#1493,#1495,.T.);
#1493=VERTEX_POINT('',#1494);
#1494=CARTESIAN_POINT('',(4.62,-2.54,0.));
#1495=LINE('',#536,#52);
#1496=ORIENTED_EDGE('',*,*,#1497,.T.);
#1497=EDGE_CURVE('',#1493,#1493,#1498,.T.);
#1498=CIRCLE('',#1499,0.5);
#1499=AXIS2_PLACEMENT_3D('',#1500,#13,#14);
#1500=CARTESIAN_POINT('',(4.12,-2.54,0.));
#1501=ORIENTED_EDGE('',*,*,#1492,.F.);
#1502=CYLINDRICAL_SURFACE('',#538,0.5);
#1503=ADVANCED_FACE('',(#1504),#1518,.T.);
#1504=FACE_BOUND('',#1505,.T.);
#1505=EDGE_LOOP('',(#1506,#1507,#1512,#1517));
#1506=ORIENTED_EDGE('',*,*,#543,.F.);
#1507=ORIENTED_EDGE('',*,*,#1508,.T.);
#1508=EDGE_CURVE('',#544,#1509,#1511,.T.);
#1509=VERTEX_POINT('',#1510);
#1510=CARTESIAN_POINT('',(4.62,-7.68,0.));
#1511=LINE('',#545,#52);
#1512=ORIENTED_EDGE('',*,*,#1513,.T.);
#1513=EDGE_CURVE('',#1509,#1509,#1514,.T.);
#1514=CIRCLE('',#1515,0.5);
#1515=AXIS2_PLACEMENT_3D('',#1516,#13,#14);
#1516=CARTESIAN_POINT('',(4.12,-7.68,0.));
#1517=ORIENTED_EDGE('',*,*,#1508,.F.);
#1518=CYLINDRICAL_SURFACE('',#547,0.5);
#1519=ADVANCED_FACE('',(#1520),#1534,.T.);
#1520=FACE_BOUND('',#1521,.T.);
#1521=EDGE_LOOP('',(#1522,#1523,#1528,#1533));
#1522=ORIENTED_EDGE('',*,*,#552,.F.);
#1523=ORIENTED_EDGE('',*,*,#1524,.T.);
#1524=EDGE_CURVE('',#553,#1525,#1527,.T.);
#1525=VERTEX_POINT('',#1526);
#1526=CARTESIAN_POINT('',(-1.08,2.6,0.));
#1527=LINE('',#554,#52);
#1528=ORIENTED_EDGE('',*,*,#1529,.T.);
#1529=EDGE_CURVE('',#1525,#1525,#1530,.T.);
#1530=CIRCLE('',#1531,0.5);
#1531=AXIS2_PLACEMENT_3D('',#1532,#13,#14);
#1532=CARTESIAN_POINT('',(-1.58,2.6,0.));
#1533=ORIENTED_EDGE('',*,*,#1524,.F.);
#1534=CYLINDRICAL_SURFACE('',#556,0.5);
#1535=ADVANCED_FACE('',(#1536),#1550,.T.);
#1536=FACE_BOUND('',#1537,.T.);
#1537=EDGE_LOOP('',(#1538,#1539,#1544,#1549));
#1538=ORIENTED_EDGE('',*,*,#561,.F.);
#1539=ORIENTED_EDGE('',*,*,#1540,.T.);
#1540=EDGE_CURVE('',#562,#1541,#1543,.T.);
#1541=VERTEX_POINT('',#1542);
#1542=CARTESIAN_POINT('',(4.62,2.6,0.));
#1543=LINE('',#563,#52);
#1544=ORIENTED_EDGE('',*,*,#1545,.T.);
#1545=EDGE_CURVE('',#1541,#1541,#1546,.T.);
#1546=CIRCLE('',#1547,0.5);
#1547=AXIS2_PLACEMENT_3D('',#1548,#13,#14);
#1548=CARTESIAN_POINT('',(4.12,2.6,0.));
#1549=ORIENTED_EDGE('',*,*,#1540,.F.);
#1550=CYLINDRICAL_SURFACE('',#565,0.5);
#1551=ADVANCED_FACE('',(#1552),#1555,.T.);
#1552=FACE_BOUND('',#1553,.T.);
#1553=EDGE_LOOP('',(#1056,#1063,#1554));
#1554=ORIENTED_EDGE('',*,*,#611,.T.);
#1555=PLANE('',#1061);
#1556=ADVANCED_FACE('',(#1557),#1560,.T.);
#1557=FACE_BOUND('',#1558,.T.);
#1558=EDGE_LOOP('',(#1084,#1091,#1559));
#1559=ORIENTED_EDGE('',*,*,#596,.T.);
#1560=PLANE('',#1089);
#1561=ADVANCED_FACE('',(#1562),#1565,.T.);
#1562=FACE_BOUND('',#1563,.T.);
#1563=EDGE_LOOP('',(#1070,#1077,#1564));
#1564=ORIENTED_EDGE('',*,*,#581,.T.);
#1565=PLANE('',#1075);
#1566=ADVANCED_FACE('',(#1567),#1143,.F.);
#1567=FACE_BOUND('',#1568,.F.);
#1568=EDGE_LOOP('',(#832,#1569,#1573,#1578));
#1569=ORIENTED_EDGE('',*,*,#1570,.T.);
#1570=EDGE_CURVE('',#836,#1571,#1140,.T.);
#1571=VERTEX_POINT('',#1572);
#1572=CARTESIAN_POINT('',(2.86,-2.86,7.8));
#1573=ORIENTED_EDGE('',*,*,#1574,.T.);
#1574=EDGE_CURVE('',#1571,#1575,#1577,.T.);
#1575=VERTEX_POINT('',#1576);
#1576=CARTESIAN_POINT('',(2.86,-2.22,7.8));
#1577=LINE('',#1572,#60);
#1578=ORIENTED_EDGE('',*,*,#1579,.F.);
#1579=EDGE_CURVE('',#834,#1575,#1125,.T.);
#1580=ADVANCED_FACE('',(#1581),#1128,.F.);
#1581=FACE_BOUND('',#1582,.F.);
#1582=EDGE_LOOP('',(#852,#1583,#1584,#1589));
#1583=ORIENTED_EDGE('',*,*,#1579,.T.);
#1584=ORIENTED_EDGE('',*,*,#1585,.T.);
#1585=EDGE_CURVE('',#1575,#1586,#1588,.T.);
#1586=VERTEX_POINT('',#1587);
#1587=CARTESIAN_POINT('',(2.22,-2.22,7.8));
#1588=LINE('',#1576,#89);
#1589=ORIENTED_EDGE('',*,*,#1590,.F.);
#1590=EDGE_CURVE('',#848,#1586,#1107,.T.);
#1591=ADVANCED_FACE('',(#1592),#1113,.F.);
#1592=FACE_BOUND('',#1593,.F.);
#1593=EDGE_LOOP('',(#846,#1594,#1595,#1600));
#1594=ORIENTED_EDGE('',*,*,#1590,.T.);
#1595=ORIENTED_EDGE('',*,*,#1596,.T.);
#1596=EDGE_CURVE('',#1586,#1597,#1599,.T.);
#1597=VERTEX_POINT('',#1598);
#1598=CARTESIAN_POINT('',(2.22,-2.86,7.8));
#1599=LINE('',#1587,#33);
#1600=ORIENTED_EDGE('',*,*,#1601,.F.);
#1601=EDGE_CURVE('',#842,#1597,#1111,.T.);
#1602=ADVANCED_FACE('',(#1603),#1153,.F.);
#1603=FACE_BOUND('',#1604,.F.);
#1604=EDGE_LOOP('',(#840,#1605,#1606,#1609));
#1605=ORIENTED_EDGE('',*,*,#1601,.T.);
#1606=ORIENTED_EDGE('',*,*,#1607,.T.);
#1607=EDGE_CURVE('',#1597,#1571,#1608,.T.);
#1608=LINE('',#1598,#102);
#1609=ORIENTED_EDGE('',*,*,#1570,.F.);
#1610=ADVANCED_FACE('',(#1611),#1263,.F.);
#1611=FACE_BOUND('',#1612,.F.);
#1612=EDGE_LOOP('',(#858,#1613,#1617,#1622));
#1613=ORIENTED_EDGE('',*,*,#1614,.T.);
#1614=EDGE_CURVE('',#862,#1615,#1260,.T.);
#1615=VERTEX_POINT('',#1616);
#1616=CARTESIAN_POINT('',(2.86,-5.4,7.8));
#1617=ORIENTED_EDGE('',*,*,#1618,.T.);
#1618=EDGE_CURVE('',#1615,#1619,#1621,.T.);
#1619=VERTEX_POINT('',#1620);
#1620=CARTESIAN_POINT('',(2.86,-4.76,7.8));
#1621=LINE('',#1616,#60);
#1622=ORIENTED_EDGE('',*,*,#1623,.F.);
#1623=EDGE_CURVE('',#860,#1619,#1245,.T.);
#1624=ADVANCED_FACE('',(#1625),#1248,.F.);
#1625=FACE_BOUND('',#1626,.F.);
#1626=EDGE_LOOP('',(#878,#1627,#1628,#1633));
#1627=ORIENTED_EDGE('',*,*,#1623,.T.);
#1628=ORIENTED_EDGE('',*,*,#1629,.T.);
#1629=EDGE_CURVE('',#1619,#1630,#1632,.T.);
#1630=VERTEX_POINT('',#1631);
#1631=CARTESIAN_POINT('',(2.22,-4.76,7.8));
#1632=LINE('',#1620,#89);
#1633=ORIENTED_EDGE('',*,*,#1634,.F.);
#1634=EDGE_CURVE('',#874,#1630,#1227,.T.);
#1635=ADVANCED_FACE('',(#1636),#1233,.F.);
#1636=FACE_BOUND('',#1637,.F.);
#1637=EDGE_LOOP('',(#872,#1638,#1639,#1644));
#1638=ORIENTED_EDGE('',*,*,#1634,.T.);
#1639=ORIENTED_EDGE('',*,*,#1640,.T.);
#1640=EDGE_CURVE('',#1630,#1641,#1643,.T.);
#1641=VERTEX_POINT('',#1642);
#1642=CARTESIAN_POINT('',(2.22,-5.4,7.8));
#1643=LINE('',#1631,#33);
#1644=ORIENTED_EDGE('',*,*,#1645,.F.);
#1645=EDGE_CURVE('',#868,#1641,#1231,.T.);
#1646=ADVANCED_FACE('',(#1647),#1273,.F.);
#1647=FACE_BOUND('',#1648,.F.);
#1648=EDGE_LOOP('',(#866,#1649,#1650,#1653));
#1649=ORIENTED_EDGE('',*,*,#1645,.T.);
#1650=ORIENTED_EDGE('',*,*,#1651,.T.);
#1651=EDGE_CURVE('',#1641,#1615,#1652,.T.);
#1652=LINE('',#1642,#102);
#1653=ORIENTED_EDGE('',*,*,#1614,.F.);
#1654=ADVANCED_FACE('',(#1655),#1203,.F.);
#1655=FACE_BOUND('',#1656,.F.);
#1656=EDGE_LOOP('',(#884,#1657,#1661,#1666));
#1657=ORIENTED_EDGE('',*,*,#1658,.T.);
#1658=EDGE_CURVE('',#888,#1659,#1200,.T.);
#1659=VERTEX_POINT('',#1660);
#1660=CARTESIAN_POINT('',(-0.32,-2.22,7.8));
#1661=ORIENTED_EDGE('',*,*,#1662,.T.);
#1662=EDGE_CURVE('',#1659,#1663,#1665,.T.);
#1663=VERTEX_POINT('',#1664);
#1664=CARTESIAN_POINT('',(-0.32,-2.86,7.8));
#1665=LINE('',#1660,#33);
#1666=ORIENTED_EDGE('',*,*,#1667,.F.);
#1667=EDGE_CURVE('',#886,#1663,#1185,.T.);
#1668=ADVANCED_FACE('',(#1669),#1188,.F.);
#1669=FACE_BOUND('',#1670,.F.);
#1670=EDGE_LOOP('',(#904,#1671,#1672,#1677));
#1671=ORIENTED_EDGE('',*,*,#1667,.T.);
#1672=ORIENTED_EDGE('',*,*,#1673,.T.);
#1673=EDGE_CURVE('',#1663,#1674,#1676,.T.);
#1674=VERTEX_POINT('',#1675);
#1675=CARTESIAN_POINT('',(0.32,-2.86,7.8));
#1676=LINE('',#1664,#102);
#1677=ORIENTED_EDGE('',*,*,#1678,.F.);
#1678=EDGE_CURVE('',#900,#1674,#1167,.T.);
#1679=ADVANCED_FACE('',(#1680),#1173,.F.);
#1680=FACE_BOUND('',#1681,.F.);
#1681=EDGE_LOOP('',(#898,#1682,#1683,#1688));
#1682=ORIENTED_EDGE('',*,*,#1678,.T.);
#1683=ORIENTED_EDGE('',*,*,#1684,.T.);
#1684=EDGE_CURVE('',#1674,#1685,#1687,.T.);
#1685=VERTEX_POINT('',#1686);
#1686=CARTESIAN_POINT('',(0.32,-2.22,7.8));
#1687=LINE('',#1675,#60);
#1688=ORIENTED_EDGE('',*,*,#1689,.F.);
#1689=EDGE_CURVE('',#894,#1685,#1171,.T.);
#1690=ADVANCED_FACE('',(#1691),#1213,.F.);
#1691=FACE_BOUND('',#1692,.F.);
#1692=EDGE_LOOP('',(#892,#1693,#1694,#1697));
#1693=ORIENTED_EDGE('',*,*,#1689,.T.);
#1694=ORIENTED_EDGE('',*,*,#1695,.T.);
#1695=EDGE_CURVE('',#1685,#1659,#1696,.T.);
#1696=LINE('',#1686,#89);
#1697=ORIENTED_EDGE('',*,*,#1658,.F.);
#1698=ADVANCED_FACE('',(#1699),#1323,.F.);
#1699=FACE_BOUND('',#1700,.F.);
#1700=EDGE_LOOP('',(#910,#1701,#1705,#1710));
#1701=ORIENTED_EDGE('',*,*,#1702,.T.);
#1702=EDGE_CURVE('',#914,#1703,#1320,.T.);
#1703=VERTEX_POINT('',#1704);
#1704=CARTESIAN_POINT('',(-0.32,-5.4,7.8));
#1705=ORIENTED_EDGE('',*,*,#1706,.T.);
#1706=EDGE_CURVE('',#1703,#1707,#1709,.T.);
#1707=VERTEX_POINT('',#1708);
#1708=CARTESIAN_POINT('',(0.32,-5.4,7.8));
#1709=LINE('',#1704,#102);
#1710=ORIENTED_EDGE('',*,*,#1711,.F.);
#1711=EDGE_CURVE('',#912,#1707,#1305,.T.);
#1712=ADVANCED_FACE('',(#1713),#1308,.F.);
#1713=FACE_BOUND('',#1714,.F.);
#1714=EDGE_LOOP('',(#930,#1715,#1716,#1721));
#1715=ORIENTED_EDGE('',*,*,#1711,.T.);
#1716=ORIENTED_EDGE('',*,*,#1717,.T.);
#1717=EDGE_CURVE('',#1707,#1718,#1720,.T.);
#1718=VERTEX_POINT('',#1719);
#1719=CARTESIAN_POINT('',(0.32,-4.76,7.8));
#1720=LINE('',#1708,#60);
#1721=ORIENTED_EDGE('',*,*,#1722,.F.);
#1722=EDGE_CURVE('',#926,#1718,#1287,.T.);
#1723=ADVANCED_FACE('',(#1724),#1293,.F.);
#1724=FACE_BOUND('',#1725,.F.);
#1725=EDGE_LOOP('',(#924,#1726,#1727,#1732));
#1726=ORIENTED_EDGE('',*,*,#1722,.T.);
#1727=ORIENTED_EDGE('',*,*,#1728,.T.);
#1728=EDGE_CURVE('',#1718,#1729,#1731,.T.);
#1729=VERTEX_POINT('',#1730);
#1730=CARTESIAN_POINT('',(-0.32,-4.76,7.8));
#1731=LINE('',#1719,#89);
#1732=ORIENTED_EDGE('',*,*,#1733,.F.);
#1733=EDGE_CURVE('',#920,#1729,#1291,.T.);
#1734=ADVANCED_FACE('',(#1735),#1333,.F.);
#1735=FACE_BOUND('',#1736,.F.);
#1736=EDGE_LOOP('',(#918,#1737,#1738,#1741));
#1737=ORIENTED_EDGE('',*,*,#1733,.T.);
#1738=ORIENTED_EDGE('',*,*,#1739,.T.);
#1739=EDGE_CURVE('',#1729,#1703,#1740,.T.);
#1740=LINE('',#1730,#33);
#1741=ORIENTED_EDGE('',*,*,#1702,.F.);
#1742=ADVANCED_FACE('',(#1743),#1383,.F.);
#1743=FACE_BOUND('',#1744,.F.);
#1744=EDGE_LOOP('',(#936,#1745,#1749,#1754));
#1745=ORIENTED_EDGE('',*,*,#1746,.T.);
#1746=EDGE_CURVE('',#940,#1747,#1380,.T.);
#1747=VERTEX_POINT('',#1748);
#1748=CARTESIAN_POINT('',(0.32,0.32,7.8));
#1749=ORIENTED_EDGE('',*,*,#1750,.T.);
#1750=EDGE_CURVE('',#1747,#1751,#1753,.T.);
#1751=VERTEX_POINT('',#1752);
#1752=CARTESIAN_POINT('',(-0.32,0.32,7.8));
#1753=LINE('',#1748,#89);
#1754=ORIENTED_EDGE('',*,*,#1755,.F.);
#1755=EDGE_CURVE('',#938,#1751,#1365,.T.);
#1756=ADVANCED_FACE('',(#1757),#1368,.F.);
#1757=FACE_BOUND('',#1758,.F.);
#1758=EDGE_LOOP('',(#956,#1759,#1760,#1765));
#1759=ORIENTED_EDGE('',*,*,#1755,.T.);
#1760=ORIENTED_EDGE('',*,*,#1761,.T.);
#1761=EDGE_CURVE('',#1751,#1762,#1764,.T.);
#1762=VERTEX_POINT('',#1763);
#1763=CARTESIAN_POINT('',(-0.32,-0.32,7.8));
#1764=LINE('',#1752,#33);
#1765=ORIENTED_EDGE('',*,*,#1766,.F.);
#1766=EDGE_CURVE('',#952,#1762,#1347,.T.);
#1767=ADVANCED_FACE('',(#1768),#1353,.F.);
#1768=FACE_BOUND('',#1769,.F.);
#1769=EDGE_LOOP('',(#950,#1770,#1771,#1776));
#1770=ORIENTED_EDGE('',*,*,#1766,.T.);
#1771=ORIENTED_EDGE('',*,*,#1772,.T.);
#1772=EDGE_CURVE('',#1762,#1773,#1775,.T.);
#1773=VERTEX_POINT('',#1774);
#1774=CARTESIAN_POINT('',(0.32,-0.32,7.8));
#1775=LINE('',#1763,#102);
#1776=ORIENTED_EDGE('',*,*,#1777,.F.);
#1777=EDGE_CURVE('',#946,#1773,#1351,.T.);
#1778=ADVANCED_FACE('',(#1779),#1393,.F.);
#1779=FACE_BOUND('',#1780,.F.);
#1780=EDGE_LOOP('',(#944,#1781,#1782,#1785));
#1781=ORIENTED_EDGE('',*,*,#1777,.T.);
#1782=ORIENTED_EDGE('',*,*,#1783,.T.);
#1783=EDGE_CURVE('',#1773,#1747,#1784,.T.);
#1784=LINE('',#1774,#60);
#1785=ORIENTED_EDGE('',*,*,#1746,.F.);
#1786=ADVANCED_FACE('',(#1787),#1443,.F.);
#1787=FACE_BOUND('',#1788,.F.);
#1788=EDGE_LOOP('',(#962,#1789,#1793,#1798));
#1789=ORIENTED_EDGE('',*,*,#1790,.T.);
#1790=EDGE_CURVE('',#966,#1791,#1440,.T.);
#1791=VERTEX_POINT('',#1792);
#1792=CARTESIAN_POINT('',(2.22,0.32,7.8));
#1793=ORIENTED_EDGE('',*,*,#1794,.T.);
#1794=EDGE_CURVE('',#1791,#1795,#1797,.T.);
#1795=VERTEX_POINT('',#1796);
#1796=CARTESIAN_POINT('',(2.22,-0.32,7.8));
#1797=LINE('',#1792,#33);
#1798=ORIENTED_EDGE('',*,*,#1799,.F.);
#1799=EDGE_CURVE('',#964,#1795,#1425,.T.);
#1800=ADVANCED_FACE('',(#1801),#1428,.F.);
#1801=FACE_BOUND('',#1802,.F.);
#1802=EDGE_LOOP('',(#982,#1803,#1804,#1809));
#1803=ORIENTED_EDGE('',*,*,#1799,.T.);
#1804=ORIENTED_EDGE('',*,*,#1805,.T.);
#1805=EDGE_CURVE('',#1795,#1806,#1808,.T.);
#1806=VERTEX_POINT('',#1807);
#1807=CARTESIAN_POINT('',(2.86,-0.32,7.8));
#1808=LINE('',#1796,#102);
#1809=ORIENTED_EDGE('',*,*,#1810,.F.);
#1810=EDGE_CURVE('',#978,#1806,#1407,.T.);
#1811=ADVANCED_FACE('',(#1812),#1413,.F.);
#1812=FACE_BOUND('',#1813,.F.);
#1813=EDGE_LOOP('',(#976,#1814,#1815,#1820));
#1814=ORIENTED_EDGE('',*,*,#1810,.T.);
#1815=ORIENTED_EDGE('',*,*,#1816,.T.);
#1816=EDGE_CURVE('',#1806,#1817,#1819,.T.);
#1817=VERTEX_POINT('',#1818);
#1818=CARTESIAN_POINT('',(2.86,0.32,7.8));
#1819=LINE('',#1807,#60);
#1820=ORIENTED_EDGE('',*,*,#1821,.F.);
#1821=EDGE_CURVE('',#972,#1817,#1411,.T.);
#1822=ADVANCED_FACE('',(#1823),#1453,.F.);
#1823=FACE_BOUND('',#1824,.F.);
#1824=EDGE_LOOP('',(#970,#1825,#1826,#1829));
#1825=ORIENTED_EDGE('',*,*,#1821,.T.);
#1826=ORIENTED_EDGE('',*,*,#1827,.T.);
#1827=EDGE_CURVE('',#1817,#1791,#1828,.T.);
#1828=LINE('',#1818,#89);
#1829=ORIENTED_EDGE('',*,*,#1790,.F.);
#1830=ADVANCED_FACE('',(#1831),#1854,.T.);
#1831=FACE_BOUND('',#1832,.F.);
#1832=EDGE_LOOP('',(#1833,#1841,#1842,#1850));
#1833=ORIENTED_EDGE('',*,*,#1834,.F.);
#1834=EDGE_CURVE('',#1100,#1835,#1837,.T.);
#1835=VERTEX_POINT('',#1836);
#1836=CARTESIAN_POINT('',(2.42,-2.42,-3.));
#1837=LINE('',#1838,#1839);
#1838=CARTESIAN_POINT('',(2.393333333333,-2.393333333333,-2.973333333333));
#1839=VECTOR('',#1840,1.);
#1840=DIRECTION('',(0.57735026919,-0.57735026919,-0.57735026919));
#1841=ORIENTED_EDGE('',*,*,#1099,.T.);
#1842=ORIENTED_EDGE('',*,*,#1843,.T.);
#1843=EDGE_CURVE('',#1102,#1844,#1846,.T.);
#1844=VERTEX_POINT('',#1845);
#1845=CARTESIAN_POINT('',(2.42,-2.66,-3.));
#1846=LINE('',#1847,#1848);
#1847=CARTESIAN_POINT('',(2.393333333333,-2.686666666667,-2.973333333333));
#1848=VECTOR('',#1849,1.);
#1849=DIRECTION('',(0.57735026919,0.57735026919,-0.57735026919));
#1850=ORIENTED_EDGE('',*,*,#1851,.F.);
#1851=EDGE_CURVE('',#1835,#1844,#1852,.T.);
#1852=LINE('',#1853,#33);
#1853=CARTESIAN_POINT('',(2.42,-2.22,-3.));
#1854=PLANE('',#1855);
#1855=AXIS2_PLACEMENT_3D('',#1856,#1857,#61);
#1856=CARTESIAN_POINT('',(2.32,-2.22,-2.9));
#1857=DIRECTION('',(-0.707106781187,-1.735417226645E-18,-0.707106781187));
#1858=ADVANCED_FACE('',(#1859),#1875,.T.);
#1859=FACE_BOUND('',#1860,.F.);
#1860=EDGE_LOOP('',(#1861,#1869,#1870,#1871));
#1861=ORIENTED_EDGE('',*,*,#1862,.F.);
#1862=EDGE_CURVE('',#1120,#1863,#1865,.T.);
#1863=VERTEX_POINT('',#1864);
#1864=CARTESIAN_POINT('',(2.66,-2.42,-3.));
#1865=LINE('',#1866,#1867);
#1866=CARTESIAN_POINT('',(2.686666666667,-2.393333333333,-2.973333333333));
#1867=VECTOR('',#1868,1.);
#1868=DIRECTION('',(-0.57735026919,-0.57735026919,-0.57735026919));
#1869=ORIENTED_EDGE('',*,*,#1119,.T.);
#1870=ORIENTED_EDGE('',*,*,#1834,.T.);
#1871=ORIENTED_EDGE('',*,*,#1872,.F.);
#1872=EDGE_CURVE('',#1863,#1835,#1873,.T.);
#1873=LINE('',#1874,#89);
#1874=CARTESIAN_POINT('',(2.86,-2.42,-3.));
#1875=PLANE('',#1876);
#1876=AXIS2_PLACEMENT_3D('',#1877,#1878,#14);
#1877=CARTESIAN_POINT('',(2.86,-2.32,-2.9));
#1878=DIRECTION('',(-1.735417226645E-18,0.707106781187,-0.707106781187));
#1879=ADVANCED_FACE('',(#1880),#1896,.T.);
#1880=FACE_BOUND('',#1881,.F.);
#1881=EDGE_LOOP('',(#1882,#1890,#1891,#1892));
#1882=ORIENTED_EDGE('',*,*,#1883,.F.);
#1883=EDGE_CURVE('',#1135,#1884,#1886,.T.);
#1884=VERTEX_POINT('',#1885);
#1885=CARTESIAN_POINT('',(2.66,-2.66,-3.));
#1886=LINE('',#1887,#1888);
#1887=CARTESIAN_POINT('',(2.686666666667,-2.686666666667,-2.973333333333));
#1888=VECTOR('',#1889,1.);
#1889=DIRECTION('',(-0.57735026919,0.57735026919,-0.57735026919));
#1890=ORIENTED_EDGE('',*,*,#1134,.T.);
#1891=ORIENTED_EDGE('',*,*,#1862,.T.);
#1892=ORIENTED_EDGE('',*,*,#1893,.F.);
#1893=EDGE_CURVE('',#1884,#1863,#1894,.T.);
#1894=LINE('',#1895,#60);
#1895=CARTESIAN_POINT('',(2.66,-2.86,-3.));
#1896=PLANE('',#1897);
#1897=AXIS2_PLACEMENT_3D('',#1898,#1899,#34);
#1898=CARTESIAN_POINT('',(2.76,-2.86,-2.9));
#1899=DIRECTION('',(0.707106781187,1.735417226645E-18,-0.707106781187));
#1900=ADVANCED_FACE('',(#1901),#1910,.T.);
#1901=FACE_BOUND('',#1902,.F.);
#1902=EDGE_LOOP('',(#1903,#1904,#1905,#1906));
#1903=ORIENTED_EDGE('',*,*,#1843,.F.);
#1904=ORIENTED_EDGE('',*,*,#1149,.T.);
#1905=ORIENTED_EDGE('',*,*,#1883,.T.);
#1906=ORIENTED_EDGE('',*,*,#1907,.F.);
#1907=EDGE_CURVE('',#1844,#1884,#1908,.T.);
#1908=LINE('',#1909,#102);
#1909=CARTESIAN_POINT('',(2.22,-2.66,-3.));
#1910=PLANE('',#1911);
#1911=AXIS2_PLACEMENT_3D('',#1912,#1913,#73);
#1912=CARTESIAN_POINT('',(2.22,-2.76,-2.9));
#1913=DIRECTION('',(1.735417226645E-18,-0.707106781187,-0.707106781187));
#1914=ADVANCED_FACE('',(#1915),#1934,.T.);
#1915=FACE_BOUND('',#1916,.F.);
#1916=EDGE_LOOP('',(#1917,#1923,#1924,#1930));
#1917=ORIENTED_EDGE('',*,*,#1918,.F.);
#1918=EDGE_CURVE('',#1160,#1919,#1921,.T.);
#1919=VERTEX_POINT('',#1920);
#1920=CARTESIAN_POINT('',(0.12,-2.66,-3.));
#1921=LINE('',#1922,#1888);
#1922=CARTESIAN_POINT('',(0.146666666667,-2.686666666667,-2.973333333333));
#1923=ORIENTED_EDGE('',*,*,#1159,.T.);
#1924=ORIENTED_EDGE('',*,*,#1925,.T.);
#1925=EDGE_CURVE('',#1162,#1926,#1928,.T.);
#1926=VERTEX_POINT('',#1927);
#1927=CARTESIAN_POINT('',(0.12,-2.42,-3.));
#1928=LINE('',#1929,#1867);
#1929=CARTESIAN_POINT('',(0.146666666667,-2.393333333333,-2.973333333333));
#1930=ORIENTED_EDGE('',*,*,#1931,.F.);
#1931=EDGE_CURVE('',#1919,#1926,#1932,.T.);
#1932=LINE('',#1933,#60);
#1933=CARTESIAN_POINT('',(0.12,-2.86,-3.));
#1934=PLANE('',#1935);
#1935=AXIS2_PLACEMENT_3D('',#1936,#1899,#34);
#1936=CARTESIAN_POINT('',(0.22,-2.86,-2.9));
#1937=ADVANCED_FACE('',(#1938),#1952,.T.);
#1938=FACE_BOUND('',#1939,.F.);
#1939=EDGE_LOOP('',(#1940,#1946,#1947,#1948));
#1940=ORIENTED_EDGE('',*,*,#1941,.F.);
#1941=EDGE_CURVE('',#1180,#1942,#1944,.T.);
#1942=VERTEX_POINT('',#1943);
#1943=CARTESIAN_POINT('',(-0.12,-2.66,-3.));
#1944=LINE('',#1945,#1848);
#1945=CARTESIAN_POINT('',(-0.146666666667,-2.686666666667,-2.973333333333));
#1946=ORIENTED_EDGE('',*,*,#1179,.T.);
#1947=ORIENTED_EDGE('',*,*,#1918,.T.);
#1948=ORIENTED_EDGE('',*,*,#1949,.F.);
#1949=EDGE_CURVE('',#1942,#1919,#1950,.T.);
#1950=LINE('',#1951,#102);
#1951=CARTESIAN_POINT('',(-0.32,-2.66,-3.));
#1952=PLANE('',#1953);
#1953=AXIS2_PLACEMENT_3D('',#1954,#1913,#73);
#1954=CARTESIAN_POINT('',(-0.32,-2.76,-2.9));
#1955=ADVANCED_FACE('',(#1956),#1970,.T.);
#1956=FACE_BOUND('',#1957,.F.);
#1957=EDGE_LOOP('',(#1958,#1964,#1965,#1966));
#1958=ORIENTED_EDGE('',*,*,#1959,.F.);
#1959=EDGE_CURVE('',#1195,#1960,#1962,.T.);
#1960=VERTEX_POINT('',#1961);
#1961=CARTESIAN_POINT('',(-0.12,-2.42,-3.));
#1962=LINE('',#1963,#1839);
#1963=CARTESIAN_POINT('',(-0.146666666667,-2.393333333333,-2.973333333333));
#1964=ORIENTED_EDGE('',*,*,#1194,.T.);
#1965=ORIENTED_EDGE('',*,*,#1941,.T.);
#1966=ORIENTED_EDGE('',*,*,#1967,.F.);
#1967=EDGE_CURVE('',#1960,#1942,#1968,.T.);
#1968=LINE('',#1969,#33);
#1969=CARTESIAN_POINT('',(-0.12,-2.22,-3.));
#1970=PLANE('',#1971);
#1971=AXIS2_PLACEMENT_3D('',#1972,#1857,#61);
#1972=CARTESIAN_POINT('',(-0.22,-2.22,-2.9));
#1973=ADVANCED_FACE('',(#1974),#1983,.T.);
#1974=FACE_BOUND('',#1975,.F.);
#1975=EDGE_LOOP('',(#1976,#1977,#1978,#1979));
#1976=ORIENTED_EDGE('',*,*,#1925,.F.);
#1977=ORIENTED_EDGE('',*,*,#1209,.T.);
#1978=ORIENTED_EDGE('',*,*,#1959,.T.);
#1979=ORIENTED_EDGE('',*,*,#1980,.F.);
#1980=EDGE_CURVE('',#1926,#1960,#1981,.T.);
#1981=LINE('',#1982,#89);
#1982=CARTESIAN_POINT('',(0.32,-2.42,-3.));
#1983=PLANE('',#1984);
#1984=AXIS2_PLACEMENT_3D('',#1985,#1878,#14);
#1985=CARTESIAN_POINT('',(0.32,-2.32,-2.9));
#1986=ADVANCED_FACE('',(#1987),#2006,.T.);
#1987=FACE_BOUND('',#1988,.F.);
#1988=EDGE_LOOP('',(#1989,#1995,#1996,#2002));
#1989=ORIENTED_EDGE('',*,*,#1990,.F.);
#1990=EDGE_CURVE('',#1220,#1991,#1993,.T.);
#1991=VERTEX_POINT('',#1992);
#1992=CARTESIAN_POINT('',(2.42,-4.96,-3.));
#1993=LINE('',#1994,#1839);
#1994=CARTESIAN_POINT('',(2.393333333333,-4.933333333333,-2.973333333333));
#1995=ORIENTED_EDGE('',*,*,#1219,.T.);
#1996=ORIENTED_EDGE('',*,*,#1997,.T.);
#1997=EDGE_CURVE('',#1222,#1998,#2000,.T.);
#1998=VERTEX_POINT('',#1999);
#1999=CARTESIAN_POINT('',(2.42,-5.2,-3.));
#2000=LINE('',#2001,#1848);
#2001=CARTESIAN_POINT('',(2.393333333333,-5.226666666667,-2.973333333333));
#2002=ORIENTED_EDGE('',*,*,#2003,.F.);
#2003=EDGE_CURVE('',#1991,#1998,#2004,.T.);
#2004=LINE('',#2005,#33);
#2005=CARTESIAN_POINT('',(2.42,-4.76,-3.));
#2006=PLANE('',#2007);
#2007=AXIS2_PLACEMENT_3D('',#2008,#1857,#61);
#2008=CARTESIAN_POINT('',(2.32,-4.76,-2.9));
#2009=ADVANCED_FACE('',(#2010),#2024,.T.);
#2010=FACE_BOUND('',#2011,.F.);
#2011=EDGE_LOOP('',(#2012,#2018,#2019,#2020));
#2012=ORIENTED_EDGE('',*,*,#2013,.F.);
#2013=EDGE_CURVE('',#1240,#2014,#2016,.T.);
#2014=VERTEX_POINT('',#2015);
#2015=CARTESIAN_POINT('',(2.66,-4.96,-3.));
#2016=LINE('',#2017,#1867);
#2017=CARTESIAN_POINT('',(2.686666666667,-4.933333333333,-2.973333333333));
#2018=ORIENTED_EDGE('',*,*,#1239,.T.);
#2019=ORIENTED_EDGE('',*,*,#1990,.T.);
#2020=ORIENTED_EDGE('',*,*,#2021,.F.);
#2021=EDGE_CURVE('',#2014,#1991,#2022,.T.);
#2022=LINE('',#2023,#89);
#2023=CARTESIAN_POINT('',(2.86,-4.96,-3.));
#2024=PLANE('',#2025);
#2025=AXIS2_PLACEMENT_3D('',#2026,#1878,#14);
#2026=CARTESIAN_POINT('',(2.86,-4.86,-2.9));
#2027=ADVANCED_FACE('',(#2028),#2042,.T.);
#2028=FACE_BOUND('',#2029,.F.);
#2029=EDGE_LOOP('',(#2030,#2036,#2037,#2038));
#2030=ORIENTED_EDGE('',*,*,#2031,.F.);
#2031=EDGE_CURVE('',#1255,#2032,#2034,.T.);
#2032=VERTEX_POINT('',#2033);
#2033=CARTESIAN_POINT('',(2.66,-5.2,-3.));
#2034=LINE('',#2035,#1888);
#2035=CARTESIAN_POINT('',(2.686666666667,-5.226666666667,-2.973333333333));
#2036=ORIENTED_EDGE('',*,*,#1254,.T.);
#2037=ORIENTED_EDGE('',*,*,#2013,.T.);
#2038=ORIENTED_EDGE('',*,*,#2039,.F.);
#2039=EDGE_CURVE('',#2032,#2014,#2040,.T.);
#2040=LINE('',#2041,#60);
#2041=CARTESIAN_POINT('',(2.66,-5.4,-3.));
#2042=PLANE('',#2043);
#2043=AXIS2_PLACEMENT_3D('',#2044,#1899,#34);
#2044=CARTESIAN_POINT('',(2.76,-5.4,-2.9));
#2045=ADVANCED_FACE('',(#2046),#2055,.T.);
#2046=FACE_BOUND('',#2047,.F.);
#2047=EDGE_LOOP('',(#2048,#2049,#2050,#2051));
#2048=ORIENTED_EDGE('',*,*,#1997,.F.);
#2049=ORIENTED_EDGE('',*,*,#1269,.T.);
#2050=ORIENTED_EDGE('',*,*,#2031,.T.);
#2051=ORIENTED_EDGE('',*,*,#2052,.F.);
#2052=EDGE_CURVE('',#1998,#2032,#2053,.T.);
#2053=LINE('',#2054,#102);
#2054=CARTESIAN_POINT('',(2.22,-5.2,-3.));
#2055=PLANE('',#2056);
#2056=AXIS2_PLACEMENT_3D('',#2057,#1913,#73);
#2057=CARTESIAN_POINT('',(2.22,-5.3,-2.9));
#2058=ADVANCED_FACE('',(#2059),#2078,.T.);
#2059=FACE_BOUND('',#2060,.F.);
#2060=EDGE_LOOP('',(#2061,#2067,#2068,#2074));
#2061=ORIENTED_EDGE('',*,*,#2062,.F.);
#2062=EDGE_CURVE('',#1280,#2063,#2065,.T.);
#2063=VERTEX_POINT('',#2064);
#2064=CARTESIAN_POINT('',(0.12,-4.96,-3.));
#2065=LINE('',#2066,#1867);
#2066=CARTESIAN_POINT('',(0.146666666667,-4.933333333333,-2.973333333333));
#2067=ORIENTED_EDGE('',*,*,#1279,.T.);
#2068=ORIENTED_EDGE('',*,*,#2069,.T.);
#2069=EDGE_CURVE('',#1282,#2070,#2072,.T.);
#2070=VERTEX_POINT('',#2071);
#2071=CARTESIAN_POINT('',(-0.12,-4.96,-3.));
#2072=LINE('',#2073,#1839);
#2073=CARTESIAN_POINT('',(-0.146666666667,-4.933333333333,-2.973333333333));
#2074=ORIENTED_EDGE('',*,*,#2075,.F.);
#2075=EDGE_CURVE('',#2063,#2070,#2076,.T.);
#2076=LINE('',#2077,#89);
#2077=CARTESIAN_POINT('',(0.32,-4.96,-3.));
#2078=PLANE('',#2079);
#2079=AXIS2_PLACEMENT_3D('',#2080,#1878,#14);
#2080=CARTESIAN_POINT('',(0.32,-4.86,-2.9));
#2081=ADVANCED_FACE('',(#2082),#2096,.T.);
#2082=FACE_BOUND('',#2083,.F.);
#2083=EDGE_LOOP('',(#2084,#2090,#2091,#2092));
#2084=ORIENTED_EDGE('',*,*,#2085,.F.);
#2085=EDGE_CURVE('',#1300,#2086,#2088,.T.);
#2086=VERTEX_POINT('',#2087);
#2087=CARTESIAN_POINT('',(0.12,-5.2,-3.));
#2088=LINE('',#2089,#1888);
#2089=CARTESIAN_POINT('',(0.146666666667,-5.226666666667,-2.973333333333));
#2090=ORIENTED_EDGE('',*,*,#1299,.T.);
#2091=ORIENTED_EDGE('',*,*,#2062,.T.);
#2092=ORIENTED_EDGE('',*,*,#2093,.F.);
#2093=EDGE_CURVE('',#2086,#2063,#2094,.T.);
#2094=LINE('',#2095,#60);
#2095=CARTESIAN_POINT('',(0.12,-5.4,-3.));
#2096=PLANE('',#2097);
#2097=AXIS2_PLACEMENT_3D('',#2098,#1899,#34);
#2098=CARTESIAN_POINT('',(0.22,-5.4,-2.9));
#2099=ADVANCED_FACE('',(#2100),#2114,.T.);
#2100=FACE_BOUND('',#2101,.F.);
#2101=EDGE_LOOP('',(#2102,#2108,#2109,#2110));
#2102=ORIENTED_EDGE('',*,*,#2103,.F.);
#2103=EDGE_CURVE('',#1315,#2104,#2106,.T.);
#2104=VERTEX_POINT('',#2105);
#2105=CARTESIAN_POINT('',(-0.12,-5.2,-3.));
#2106=LINE('',#2107,#1848);
#2107=CARTESIAN_POINT('',(-0.146666666667,-5.226666666667,-2.973333333333));
#2108=ORIENTED_EDGE('',*,*,#1314,.T.);
#2109=ORIENTED_EDGE('',*,*,#2085,.T.);
#2110=ORIENTED_EDGE('',*,*,#2111,.F.);
#2111=EDGE_CURVE('',#2104,#2086,#2112,.T.);
#2112=LINE('',#2113,#102);
#2113=CARTESIAN_POINT('',(-0.32,-5.2,-3.));
#2114=PLANE('',#2115);
#2115=AXIS2_PLACEMENT_3D('',#2116,#1913,#73);
#2116=CARTESIAN_POINT('',(-0.32,-5.3,-2.9));
#2117=ADVANCED_FACE('',(#2118),#2127,.T.);
#2118=FACE_BOUND('',#2119,.F.);
#2119=EDGE_LOOP('',(#2120,#2121,#2122,#2123));
#2120=ORIENTED_EDGE('',*,*,#2069,.F.);
#2121=ORIENTED_EDGE('',*,*,#1329,.T.);
#2122=ORIENTED_EDGE('',*,*,#2103,.T.);
#2123=ORIENTED_EDGE('',*,*,#2124,.F.);
#2124=EDGE_CURVE('',#2070,#2104,#2125,.T.);
#2125=LINE('',#2126,#33);
#2126=CARTESIAN_POINT('',(-0.12,-4.76,-3.));
#2127=PLANE('',#2128);
#2128=AXIS2_PLACEMENT_3D('',#2129,#1857,#61);
#2129=CARTESIAN_POINT('',(-0.22,-4.76,-2.9));
#2130=ADVANCED_FACE('',(#2131),#2150,.T.);
#2131=FACE_BOUND('',#2132,.F.);
#2132=EDGE_LOOP('',(#2133,#2139,#2140,#2146));
#2133=ORIENTED_EDGE('',*,*,#2134,.F.);
#2134=EDGE_CURVE('',#1340,#2135,#2137,.T.);
#2135=VERTEX_POINT('',#2136);
#2136=CARTESIAN_POINT('',(-0.12,-0.12,-3.));
#2137=LINE('',#2138,#1848);
#2138=CARTESIAN_POINT('',(-0.146666666667,-0.146666666667,-2.973333333333));
#2139=ORIENTED_EDGE('',*,*,#1339,.T.);
#2140=ORIENTED_EDGE('',*,*,#2141,.T.);
#2141=EDGE_CURVE('',#1342,#2142,#2144,.T.);
#2142=VERTEX_POINT('',#2143);
#2143=CARTESIAN_POINT('',(0.12,-0.12,-3.));
#2144=LINE('',#2145,#1888);
#2145=CARTESIAN_POINT('',(0.146666666667,-0.146666666667,-2.973333333333));
#2146=ORIENTED_EDGE('',*,*,#2147,.F.);
#2147=EDGE_CURVE('',#2135,#2142,#2148,.T.);
#2148=LINE('',#2149,#102);
#2149=CARTESIAN_POINT('',(-0.32,-0.12,-3.));
#2150=PLANE('',#2151);
#2151=AXIS2_PLACEMENT_3D('',#2152,#1913,#73);
#2152=CARTESIAN_POINT('',(-0.32,-0.22,-2.9));
#2153=ADVANCED_FACE('',(#2154),#2168,.T.);
#2154=FACE_BOUND('',#2155,.F.);
#2155=EDGE_LOOP('',(#2156,#2162,#2163,#2164));
#2156=ORIENTED_EDGE('',*,*,#2157,.F.);
#2157=EDGE_CURVE('',#1360,#2158,#2160,.T.);
#2158=VERTEX_POINT('',#2159);
#2159=CARTESIAN_POINT('',(-0.12,0.12,-3.));
#2160=LINE('',#2161,#1839);
#2161=CARTESIAN_POINT('',(-0.146666666667,0.146666666667,-2.973333333333));
#2162=ORIENTED_EDGE('',*,*,#1359,.T.);
#2163=ORIENTED_EDGE('',*,*,#2134,.T.);
#2164=ORIENTED_EDGE('',*,*,#2165,.F.);
#2165=EDGE_CURVE('',#2158,#2135,#2166,.T.);
#2166=LINE('',#2167,#33);
#2167=CARTESIAN_POINT('',(-0.12,0.32,-3.));
#2168=PLANE('',#2169);
#2169=AXIS2_PLACEMENT_3D('',#2170,#1857,#61);
#2170=CARTESIAN_POINT('',(-0.22,0.32,-2.9));
#2171=ADVANCED_FACE('',(#2172),#2186,.T.);
#2172=FACE_BOUND('',#2173,.F.);
#2173=EDGE_LOOP('',(#2174,#2180,#2181,#2182));
#2174=ORIENTED_EDGE('',*,*,#2175,.F.);
#2175=EDGE_CURVE('',#1375,#2176,#2178,.T.);
#2176=VERTEX_POINT('',#2177);
#2177=CARTESIAN_POINT('',(0.12,0.12,-3.));
#2178=LINE('',#2179,#1867);
#2179=CARTESIAN_POINT('',(0.146666666667,0.146666666667,-2.973333333333));
#2180=ORIENTED_EDGE('',*,*,#1374,.T.);
#2181=ORIENTED_EDGE('',*,*,#2157,.T.);
#2182=ORIENTED_EDGE('',*,*,#2183,.F.);
#2183=EDGE_CURVE('',#2176,#2158,#2184,.T.);
#2184=LINE('',#2185,#89);
#2185=CARTESIAN_POINT('',(0.32,0.12,-3.));
#2186=PLANE('',#2187);
#2187=AXIS2_PLACEMENT_3D('',#2188,#1878,#14);
#2188=CARTESIAN_POINT('',(0.32,0.22,-2.9));
#2189=ADVANCED_FACE('',(#2190),#2199,.T.);
#2190=FACE_BOUND('',#2191,.F.);
#2191=EDGE_LOOP('',(#2192,#2193,#2194,#2195));
#2192=ORIENTED_EDGE('',*,*,#2141,.F.);
#2193=ORIENTED_EDGE('',*,*,#1389,.T.);
#2194=ORIENTED_EDGE('',*,*,#2175,.T.);
#2195=ORIENTED_EDGE('',*,*,#2196,.F.);
#2196=EDGE_CURVE('',#2142,#2176,#2197,.T.);
#2197=LINE('',#2198,#60);
#2198=CARTESIAN_POINT('',(0.12,-0.32,-3.));
#2199=PLANE('',#2200);
#2200=AXIS2_PLACEMENT_3D('',#2201,#1899,#34);
#2201=CARTESIAN_POINT('',(0.22,-0.32,-2.9));
#2202=ADVANCED_FACE('',(#2203),#2222,.T.);
#2203=FACE_BOUND('',#2204,.F.);
#2204=EDGE_LOOP('',(#2205,#2211,#2212,#2218));
#2205=ORIENTED_EDGE('',*,*,#2206,.F.);
#2206=EDGE_CURVE('',#1400,#2207,#2209,.T.);
#2207=VERTEX_POINT('',#2208);
#2208=CARTESIAN_POINT('',(2.66,-0.12,-3.));
#2209=LINE('',#2210,#1888);
#2210=CARTESIAN_POINT('',(2.686666666667,-0.146666666667,-2.973333333333));
#2211=ORIENTED_EDGE('',*,*,#1399,.T.);
#2212=ORIENTED_EDGE('',*,*,#2213,.T.);
#2213=EDGE_CURVE('',#1402,#2214,#2216,.T.);
#2214=VERTEX_POINT('',#2215);
#2215=CARTESIAN_POINT('',(2.66,0.12,-3.));
#2216=LINE('',#2217,#1867);
#2217=CARTESIAN_POINT('',(2.686666666667,0.146666666667,-2.973333333333));
#2218=ORIENTED_EDGE('',*,*,#2219,.F.);
#2219=EDGE_CURVE('',#2207,#2214,#2220,.T.);
#2220=LINE('',#2221,#60);
#2221=CARTESIAN_POINT('',(2.66,-0.32,-3.));
#2222=PLANE('',#2223);
#2223=AXIS2_PLACEMENT_3D('',#2224,#1899,#34);
#2224=CARTESIAN_POINT('',(2.76,-0.32,-2.9));
#2225=ADVANCED_FACE('',(#2226),#2240,.T.);
#2226=FACE_BOUND('',#2227,.F.);
#2227=EDGE_LOOP('',(#2228,#2234,#2235,#2236));
#2228=ORIENTED_EDGE('',*,*,#2229,.F.);
#2229=EDGE_CURVE('',#1420,#2230,#2232,.T.);
#2230=VERTEX_POINT('',#2231);
#2231=CARTESIAN_POINT('',(2.42,-0.12,-3.));
#2232=LINE('',#2233,#1848);
#2233=CARTESIAN_POINT('',(2.393333333333,-0.146666666667,-2.973333333333));
#2234=ORIENTED_EDGE('',*,*,#1419,.T.);
#2235=ORIENTED_EDGE('',*,*,#2206,.T.);
#2236=ORIENTED_EDGE('',*,*,#2237,.F.);
#2237=EDGE_CURVE('',#2230,#2207,#2238,.T.);
#2238=LINE('',#2239,#102);
#2239=CARTESIAN_POINT('',(2.22,-0.12,-3.));
#2240=PLANE('',#2241);
#2241=AXIS2_PLACEMENT_3D('',#2242,#1913,#73);
#2242=CARTESIAN_POINT('',(2.22,-0.22,-2.9));
#2243=ADVANCED_FACE('',(#2244),#2258,.T.);
#2244=FACE_BOUND('',#2245,.F.);
#2245=EDGE_LOOP('',(#2246,#2252,#2253,#2254));
#2246=ORIENTED_EDGE('',*,*,#2247,.F.);
#2247=EDGE_CURVE('',#1435,#2248,#2250,.T.);
#2248=VERTEX_POINT('',#2249);
#2249=CARTESIAN_POINT('',(2.42,0.12,-3.));
#2250=LINE('',#2251,#1839);
#2251=CARTESIAN_POINT('',(2.393333333333,0.146666666667,-2.973333333333));
#2252=ORIENTED_EDGE('',*,*,#1434,.T.);
#2253=ORIENTED_EDGE('',*,*,#2229,.T.);
#2254=ORIENTED_EDGE('',*,*,#2255,.F.);
#2255=EDGE_CURVE('',#2248,#2230,#2256,.T.);
#2256=LINE('',#2257,#33);
#2257=CARTESIAN_POINT('',(2.42,0.32,-3.));
#2258=PLANE('',#2259);
#2259=AXIS2_PLACEMENT_3D('',#2260,#1857,#61);
#2260=CARTESIAN_POINT('',(2.32,0.32,-2.9));
#2261=ADVANCED_FACE('',(#2262),#2271,.T.);
#2262=FACE_BOUND('',#2263,.F.);
#2263=EDGE_LOOP('',(#2264,#2265,#2266,#2267));
#2264=ORIENTED_EDGE('',*,*,#2213,.F.);
#2265=ORIENTED_EDGE('',*,*,#1449,.T.);
#2266=ORIENTED_EDGE('',*,*,#2247,.T.);
#2267=ORIENTED_EDGE('',*,*,#2268,.F.);
#2268=EDGE_CURVE('',#2214,#2248,#2269,.T.);
#2269=LINE('',#2270,#89);
#2270=CARTESIAN_POINT('',(2.86,0.12,-3.));
#2271=PLANE('',#2272);
#2272=AXIS2_PLACEMENT_3D('',#2273,#1878,#14);
#2273=CARTESIAN_POINT('',(2.86,0.22,-2.9));
#2274=ADVANCED_FACE('',(#2275),#2277,.F.);
#2275=FACE_BOUND('',#2276,.F.);
#2276=EDGE_LOOP('',(#1464));
#2277=PLANE('',#1467);
#2278=ADVANCED_FACE('',(#2279),#2281,.F.);
#2279=FACE_BOUND('',#2280,.F.);
#2280=EDGE_LOOP('',(#1480));
#2281=PLANE('',#1483);
#2282=ADVANCED_FACE('',(#2283),#2285,.F.);
#2283=FACE_BOUND('',#2284,.F.);
#2284=EDGE_LOOP('',(#1496));
#2285=PLANE('',#1499);
#2286=ADVANCED_FACE('',(#2287),#2289,.F.);
#2287=FACE_BOUND('',#2288,.F.);
#2288=EDGE_LOOP('',(#1512));
#2289=PLANE('',#1515);
#2290=ADVANCED_FACE('',(#2291),#2293,.F.);
#2291=FACE_BOUND('',#2292,.F.);
#2292=EDGE_LOOP('',(#1528));
#2293=PLANE('',#1531);
#2294=ADVANCED_FACE('',(#2295),#2297,.F.);
#2295=FACE_BOUND('',#2296,.F.);
#2296=EDGE_LOOP('',(#1544));
#2297=PLANE('',#1547);
#2298=ADVANCED_FACE('',(#2299),#2320,.F.);
#2299=FACE_BOUND('',#2300,.F.);
#2300=EDGE_LOOP('',(#2301,#2309,#2315,#2319));
#2301=ORIENTED_EDGE('',*,*,#2302,.T.);
#2302=EDGE_CURVE('',#1571,#2303,#2305,.T.);
#2303=VERTEX_POINT('',#2304);
#2304=CARTESIAN_POINT('',(2.66,-2.66,8.));
#2305=LINE('',#2306,#2307);
#2306=CARTESIAN_POINT('',(2.686666666667,-2.686666666667,7.973333333333));
#2307=VECTOR('',#2308,1.);
#2308=DIRECTION('',(-0.57735026919,0.57735026919,0.57735026919));
#2309=ORIENTED_EDGE('',*,*,#2310,.T.);
#2310=EDGE_CURVE('',#2303,#2311,#2313,.T.);
#2311=VERTEX_POINT('',#2312);
#2312=CARTESIAN_POINT('',(2.66,-2.42,8.));
#2313=LINE('',#2314,#60);
#2314=CARTESIAN_POINT('',(2.66,-2.86,8.));
#2315=ORIENTED_EDGE('',*,*,#2316,.T.);
#2316=EDGE_CURVE('',#2311,#1575,#2317,.T.);
#2317=LINE('',#2318,#1848);
#2318=CARTESIAN_POINT('',(2.686666666667,-2.393333333333,7.973333333333));
#2319=ORIENTED_EDGE('',*,*,#1574,.F.);
#2320=PLANE('',#2321);
#2321=AXIS2_PLACEMENT_3D('',#2322,#1857,#61);
#2322=CARTESIAN_POINT('',(2.76,-2.86,7.9));
#2323=ADVANCED_FACE('',(#2324),#2340,.F.);
#2324=FACE_BOUND('',#2325,.F.);
#2325=EDGE_LOOP('',(#2326,#2327,#2333,#2339));
#2326=ORIENTED_EDGE('',*,*,#2316,.F.);
#2327=ORIENTED_EDGE('',*,*,#2328,.T.);
#2328=EDGE_CURVE('',#2311,#2329,#2331,.T.);
#2329=VERTEX_POINT('',#2330);
#2330=CARTESIAN_POINT('',(2.42,-2.42,8.));
#2331=LINE('',#2332,#89);
#2332=CARTESIAN_POINT('',(2.86,-2.42,8.));
#2333=ORIENTED_EDGE('',*,*,#2334,.F.);
#2334=EDGE_CURVE('',#1586,#2329,#2335,.T.);
#2335=LINE('',#2336,#2337);
#2336=CARTESIAN_POINT('',(2.393333333333,-2.393333333333,7.973333333333));
#2337=VECTOR('',#2338,1.);
#2338=DIRECTION('',(0.57735026919,-0.57735026919,0.57735026919));
#2339=ORIENTED_EDGE('',*,*,#1585,.F.);
#2340=PLANE('',#2341);
#2341=AXIS2_PLACEMENT_3D('',#2342,#1913,#73);
#2342=CARTESIAN_POINT('',(2.86,-2.32,7.9));
#2343=ADVANCED_FACE('',(#2344),#2358,.F.);
#2344=FACE_BOUND('',#2345,.T.);
#2345=EDGE_LOOP('',(#2333,#1595,#2346,#2354));
#2346=ORIENTED_EDGE('',*,*,#2347,.T.);
#2347=EDGE_CURVE('',#1597,#2348,#2350,.T.);
#2348=VERTEX_POINT('',#2349);
#2349=CARTESIAN_POINT('',(2.42,-2.66,8.));
#2350=LINE('',#2351,#2352);
#2351=CARTESIAN_POINT('',(2.393333333333,-2.686666666667,7.973333333333));
#2352=VECTOR('',#2353,1.);
#2353=DIRECTION('',(0.57735026919,0.57735026919,0.57735026919));
#2354=ORIENTED_EDGE('',*,*,#2355,.F.);
#2355=EDGE_CURVE('',#2329,#2348,#2356,.T.);
#2356=LINE('',#2357,#33);
#2357=CARTESIAN_POINT('',(2.42,-2.22,8.));
#2358=PLANE('',#2359);
#2359=AXIS2_PLACEMENT_3D('',#2360,#1899,#61);
#2360=CARTESIAN_POINT('',(2.32,-2.22,7.9));
#2361=ADVANCED_FACE('',(#2362),#2369,.F.);
#2362=FACE_BOUND('',#2363,.T.);
#2363=EDGE_LOOP('',(#2364,#1606,#2301,#2365));
#2364=ORIENTED_EDGE('',*,*,#2347,.F.);
#2365=ORIENTED_EDGE('',*,*,#2366,.F.);
#2366=EDGE_CURVE('',#2348,#2303,#2367,.T.);
#2367=LINE('',#2368,#102);
#2368=CARTESIAN_POINT('',(2.22,-2.66,8.));
#2369=PLANE('',#2370);
#2370=AXIS2_PLACEMENT_3D('',#2371,#1878,#73);
#2371=CARTESIAN_POINT('',(2.22,-2.76,7.9));
#2372=ADVANCED_FACE('',(#2373),#2392,.F.);
#2373=FACE_BOUND('',#2374,.F.);
#2374=EDGE_LOOP('',(#2375,#2381,#2387,#2391));
#2375=ORIENTED_EDGE('',*,*,#2376,.T.);
#2376=EDGE_CURVE('',#1615,#2377,#2379,.T.);
#2377=VERTEX_POINT('',#2378);
#2378=CARTESIAN_POINT('',(2.66,-5.2,8.));
#2379=LINE('',#2380,#2307);
#2380=CARTESIAN_POINT('',(2.686666666667,-5.226666666667,7.973333333333));
#2381=ORIENTED_EDGE('',*,*,#2382,.T.);
#2382=EDGE_CURVE('',#2377,#2383,#2385,.T.);
#2383=VERTEX_POINT('',#2384);
#2384=CARTESIAN_POINT('',(2.66,-4.96,8.));
#2385=LINE('',#2386,#60);
#2386=CARTESIAN_POINT('',(2.66,-5.4,8.));
#2387=ORIENTED_EDGE('',*,*,#2388,.T.);
#2388=EDGE_CURVE('',#2383,#1619,#2389,.T.);
#2389=LINE('',#2390,#1848);
#2390=CARTESIAN_POINT('',(2.686666666667,-4.933333333333,7.973333333333));
#2391=ORIENTED_EDGE('',*,*,#1618,.F.);
#2392=PLANE('',#2393);
#2393=AXIS2_PLACEMENT_3D('',#2394,#1857,#61);
#2394=CARTESIAN_POINT('',(2.76,-5.4,7.9));
#2395=ADVANCED_FACE('',(#2396),#2410,.F.);
#2396=FACE_BOUND('',#2397,.F.);
#2397=EDGE_LOOP('',(#2398,#2399,#2405,#2409));
#2398=ORIENTED_EDGE('',*,*,#2388,.F.);
#2399=ORIENTED_EDGE('',*,*,#2400,.T.);
#2400=EDGE_CURVE('',#2383,#2401,#2403,.T.);
#2401=VERTEX_POINT('',#2402);
#2402=CARTESIAN_POINT('',(2.42,-4.96,8.));
#2403=LINE('',#2404,#89);
#2404=CARTESIAN_POINT('',(2.86,-4.96,8.));
#2405=ORIENTED_EDGE('',*,*,#2406,.T.);
#2406=EDGE_CURVE('',#2401,#1630,#2407,.T.);
#2407=LINE('',#2408,#1888);
#2408=CARTESIAN_POINT('',(2.393333333333,-4.933333333333,7.973333333333));
#2409=ORIENTED_EDGE('',*,*,#1629,.F.);
#2410=PLANE('',#2411);
#2411=AXIS2_PLACEMENT_3D('',#2412,#1913,#73);
#2412=CARTESIAN_POINT('',(2.86,-4.86,7.9));
#2413=ADVANCED_FACE('',(#2414),#2426,.F.);
#2414=FACE_BOUND('',#2415,.T.);
#2415=EDGE_LOOP('',(#2405,#1639,#2416,#2422));
#2416=ORIENTED_EDGE('',*,*,#2417,.T.);
#2417=EDGE_CURVE('',#1641,#2418,#2420,.T.);
#2418=VERTEX_POINT('',#2419);
#2419=CARTESIAN_POINT('',(2.42,-5.2,8.));
#2420=LINE('',#2421,#2352);
#2421=CARTESIAN_POINT('',(2.393333333333,-5.226666666667,7.973333333333));
#2422=ORIENTED_EDGE('',*,*,#2423,.F.);
#2423=EDGE_CURVE('',#2401,#2418,#2424,.T.);
#2424=LINE('',#2425,#33);
#2425=CARTESIAN_POINT('',(2.42,-4.76,8.));
#2426=PLANE('',#2427);
#2427=AXIS2_PLACEMENT_3D('',#2428,#1899,#61);
#2428=CARTESIAN_POINT('',(2.32,-4.76,7.9));
#2429=ADVANCED_FACE('',(#2430),#2437,.F.);
#2430=FACE_BOUND('',#2431,.T.);
#2431=EDGE_LOOP('',(#2432,#1650,#2375,#2433));
#2432=ORIENTED_EDGE('',*,*,#2417,.F.);
#2433=ORIENTED_EDGE('',*,*,#2434,.F.);
#2434=EDGE_CURVE('',#2418,#2377,#2435,.T.);
#2435=LINE('',#2436,#102);
#2436=CARTESIAN_POINT('',(2.22,-5.2,8.));
#2437=PLANE('',#2438);
#2438=AXIS2_PLACEMENT_3D('',#2439,#1878,#73);
#2439=CARTESIAN_POINT('',(2.22,-5.3,7.9));
#2440=ADVANCED_FACE('',(#2441),#2459,.F.);
#2441=FACE_BOUND('',#2442,.T.);
#2442=EDGE_LOOP('',(#2443,#1661,#2449,#2455));
#2443=ORIENTED_EDGE('',*,*,#2444,.T.);
#2444=EDGE_CURVE('',#2445,#1659,#2447,.T.);
#2445=VERTEX_POINT('',#2446);
#2446=CARTESIAN_POINT('',(-0.12,-2.42,8.));
#2447=LINE('',#2448,#1888);
#2448=CARTESIAN_POINT('',(-0.146666666667,-2.393333333333,7.973333333333));
#2449=ORIENTED_EDGE('',*,*,#2450,.T.);
#2450=EDGE_CURVE('',#1663,#2451,#2453,.T.);
#2451=VERTEX_POINT('',#2452);
#2452=CARTESIAN_POINT('',(-0.12,-2.66,8.));
#2453=LINE('',#2454,#2352);
#2454=CARTESIAN_POINT('',(-0.146666666667,-2.686666666667,7.973333333333));
#2455=ORIENTED_EDGE('',*,*,#2456,.F.);
#2456=EDGE_CURVE('',#2445,#2451,#2457,.T.);
#2457=LINE('',#2458,#33);
#2458=CARTESIAN_POINT('',(-0.12,-2.22,8.));
#2459=PLANE('',#2460);
#2460=AXIS2_PLACEMENT_3D('',#2461,#1899,#61);
#2461=CARTESIAN_POINT('',(-0.22,-2.22,7.9));
#2462=ADVANCED_FACE('',(#2463),#2476,.F.);
#2463=FACE_BOUND('',#2464,.T.);
#2464=EDGE_LOOP('',(#2465,#1672,#2466,#2472));
#2465=ORIENTED_EDGE('',*,*,#2450,.F.);
#2466=ORIENTED_EDGE('',*,*,#2467,.F.);
#2467=EDGE_CURVE('',#2468,#1674,#2470,.T.);
#2468=VERTEX_POINT('',#2469);
#2469=CARTESIAN_POINT('',(0.12,-2.66,8.));
#2470=LINE('',#2471,#1839);
#2471=CARTESIAN_POINT('',(0.146666666667,-2.686666666667,7.973333333333));
#2472=ORIENTED_EDGE('',*,*,#2473,.F.);
#2473=EDGE_CURVE('',#2451,#2468,#2474,.T.);
#2474=LINE('',#2475,#102);
#2475=CARTESIAN_POINT('',(-0.32,-2.66,8.));
#2476=PLANE('',#2477);
#2477=AXIS2_PLACEMENT_3D('',#2478,#1878,#73);
#2478=CARTESIAN_POINT('',(-0.32,-2.76,7.9));
#2479=ADVANCED_FACE('',(#2480),#2493,.F.);
#2480=FACE_BOUND('',#2481,.F.);
#2481=EDGE_LOOP('',(#2466,#2482,#2488,#2492));
#2482=ORIENTED_EDGE('',*,*,#2483,.T.);
#2483=EDGE_CURVE('',#2468,#2484,#2486,.T.);
#2484=VERTEX_POINT('',#2485);
#2485=CARTESIAN_POINT('',(0.12,-2.42,8.));
#2486=LINE('',#2487,#60);
#2487=CARTESIAN_POINT('',(0.12,-2.86,8.));
#2488=ORIENTED_EDGE('',*,*,#2489,.T.);
#2489=EDGE_CURVE('',#2484,#1685,#2490,.T.);
#2490=LINE('',#2491,#1848);
#2491=CARTESIAN_POINT('',(0.146666666667,-2.393333333333,7.973333333333));
#2492=ORIENTED_EDGE('',*,*,#1684,.F.);
#2493=PLANE('',#2494);
#2494=AXIS2_PLACEMENT_3D('',#2495,#1857,#61);
#2495=CARTESIAN_POINT('',(0.22,-2.86,7.9));
#2496=ADVANCED_FACE('',(#2497),#2505,.F.);
#2497=FACE_BOUND('',#2498,.F.);
#2498=EDGE_LOOP('',(#2499,#2500,#2443,#2504));
#2499=ORIENTED_EDGE('',*,*,#2489,.F.);
#2500=ORIENTED_EDGE('',*,*,#2501,.T.);
#2501=EDGE_CURVE('',#2484,#2445,#2502,.T.);
#2502=LINE('',#2503,#89);
#2503=CARTESIAN_POINT('',(0.32,-2.42,8.));
#2504=ORIENTED_EDGE('',*,*,#1695,.F.);
#2505=PLANE('',#2506);
#2506=AXIS2_PLACEMENT_3D('',#2507,#1913,#73);
#2507=CARTESIAN_POINT('',(0.32,-2.32,7.9));
#2508=ADVANCED_FACE('',(#2509),#2527,.F.);
#2509=FACE_BOUND('',#2510,.T.);
#2510=EDGE_LOOP('',(#2511,#1705,#2517,#2523));
#2511=ORIENTED_EDGE('',*,*,#2512,.F.);
#2512=EDGE_CURVE('',#1703,#2513,#2515,.T.);
#2513=VERTEX_POINT('',#2514);
#2514=CARTESIAN_POINT('',(-0.12,-5.2,8.));
#2515=LINE('',#2516,#2352);
#2516=CARTESIAN_POINT('',(-0.146666666667,-5.226666666667,7.973333333333));
#2517=ORIENTED_EDGE('',*,*,#2518,.F.);
#2518=EDGE_CURVE('',#2519,#1707,#2521,.T.);
#2519=VERTEX_POINT('',#2520);
#2520=CARTESIAN_POINT('',(0.12,-5.2,8.));
#2521=LINE('',#2522,#1839);
#2522=CARTESIAN_POINT('',(0.146666666667,-5.226666666667,7.973333333333));
#2523=ORIENTED_EDGE('',*,*,#2524,.F.);
#2524=EDGE_CURVE('',#2513,#2519,#2525,.T.);
#2525=LINE('',#2526,#102);
#2526=CARTESIAN_POINT('',(-0.32,-5.2,8.));
#2527=PLANE('',#2528);
#2528=AXIS2_PLACEMENT_3D('',#2529,#1878,#73);
#2529=CARTESIAN_POINT('',(-0.32,-5.3,7.9));
#2530=ADVANCED_FACE('',(#2531),#2544,.F.);
#2531=FACE_BOUND('',#2532,.F.);
#2532=EDGE_LOOP('',(#2517,#2533,#2539,#2543));
#2533=ORIENTED_EDGE('',*,*,#2534,.T.);
#2534=EDGE_CURVE('',#2519,#2535,#2537,.T.);
#2535=VERTEX_POINT('',#2536);
#2536=CARTESIAN_POINT('',(0.12,-4.96,8.));
#2537=LINE('',#2538,#60);
#2538=CARTESIAN_POINT('',(0.12,-5.4,8.));
#2539=ORIENTED_EDGE('',*,*,#2540,.T.);
#2540=EDGE_CURVE('',#2535,#1718,#2541,.T.);
#2541=LINE('',#2542,#1848);
#2542=CARTESIAN_POINT('',(0.146666666667,-4.933333333333,7.973333333333));
#2543=ORIENTED_EDGE('',*,*,#1717,.F.);
#2544=PLANE('',#2545);
#2545=AXIS2_PLACEMENT_3D('',#2546,#1857,#61);
#2546=CARTESIAN_POINT('',(0.22,-5.4,7.9));
#2547=ADVANCED_FACE('',(#2548),#2562,.F.);
#2548=FACE_BOUND('',#2549,.F.);
#2549=EDGE_LOOP('',(#2550,#2551,#2557,#2561));
#2550=ORIENTED_EDGE('',*,*,#2540,.F.);
#2551=ORIENTED_EDGE('',*,*,#2552,.T.);
#2552=EDGE_CURVE('',#2535,#2553,#2555,.T.);
#2553=VERTEX_POINT('',#2554);
#2554=CARTESIAN_POINT('',(-0.12,-4.96,8.));
#2555=LINE('',#2556,#89);
#2556=CARTESIAN_POINT('',(0.32,-4.96,8.));
#2557=ORIENTED_EDGE('',*,*,#2558,.T.);
#2558=EDGE_CURVE('',#2553,#1729,#2559,.T.);
#2559=LINE('',#2560,#1888);
#2560=CARTESIAN_POINT('',(-0.146666666667,-4.933333333333,7.973333333333));
#2561=ORIENTED_EDGE('',*,*,#1728,.F.);
#2562=PLANE('',#2563);
#2563=AXIS2_PLACEMENT_3D('',#2564,#1913,#73);
#2564=CARTESIAN_POINT('',(0.32,-4.86,7.9));
#2565=ADVANCED_FACE('',(#2566),#2573,.F.);
#2566=FACE_BOUND('',#2567,.T.);
#2567=EDGE_LOOP('',(#2557,#1738,#2568,#2569));
#2568=ORIENTED_EDGE('',*,*,#2512,.T.);
#2569=ORIENTED_EDGE('',*,*,#2570,.F.);
#2570=EDGE_CURVE('',#2553,#2513,#2571,.T.);
#2571=LINE('',#2572,#33);
#2572=CARTESIAN_POINT('',(-0.12,-4.76,8.));
#2573=PLANE('',#2574);
#2574=AXIS2_PLACEMENT_3D('',#2575,#1899,#61);
#2575=CARTESIAN_POINT('',(-0.22,-4.76,7.9));
#2576=ADVANCED_FACE('',(#2577),#2596,.F.);
#2577=FACE_BOUND('',#2578,.F.);
#2578=EDGE_LOOP('',(#2579,#2585,#2591,#2595));
#2579=ORIENTED_EDGE('',*,*,#2580,.F.);
#2580=EDGE_CURVE('',#2581,#1747,#2583,.T.);
#2581=VERTEX_POINT('',#2582);
#2582=CARTESIAN_POINT('',(0.12,0.12,8.));
#2583=LINE('',#2584,#1848);
#2584=CARTESIAN_POINT('',(0.146666666667,0.146666666667,7.973333333333));
#2585=ORIENTED_EDGE('',*,*,#2586,.T.);
#2586=EDGE_CURVE('',#2581,#2587,#2589,.T.);
#2587=VERTEX_POINT('',#2588);
#2588=CARTESIAN_POINT('',(-0.12,0.12,8.));
#2589=LINE('',#2590,#89);
#2590=CARTESIAN_POINT('',(0.32,0.12,8.));
#2591=ORIENTED_EDGE('',*,*,#2592,.F.);
#2592=EDGE_CURVE('',#1751,#2587,#2593,.T.);
#2593=LINE('',#2594,#2337);
#2594=CARTESIAN_POINT('',(-0.146666666667,0.146666666667,7.973333333333));
#2595=ORIENTED_EDGE('',*,*,#1750,.F.);
#2596=PLANE('',#2597);
#2597=AXIS2_PLACEMENT_3D('',#2598,#1913,#73);
#2598=CARTESIAN_POINT('',(0.32,0.22,7.9));
#2599=ADVANCED_FACE('',(#2600),#2612,.F.);
#2600=FACE_BOUND('',#2601,.T.);
#2601=EDGE_LOOP('',(#2591,#1760,#2602,#2608));
#2602=ORIENTED_EDGE('',*,*,#2603,.T.);
#2603=EDGE_CURVE('',#1762,#2604,#2606,.T.);
#2604=VERTEX_POINT('',#2605);
#2605=CARTESIAN_POINT('',(-0.12,-0.12,8.));
#2606=LINE('',#2607,#2352);
#2607=CARTESIAN_POINT('',(-0.146666666667,-0.146666666667,7.973333333333));
#2608=ORIENTED_EDGE('',*,*,#2609,.F.);
#2609=EDGE_CURVE('',#2587,#2604,#2610,.T.);
#2610=LINE('',#2611,#33);
#2611=CARTESIAN_POINT('',(-0.12,0.32,8.));
#2612=PLANE('',#2613);
#2613=AXIS2_PLACEMENT_3D('',#2614,#1899,#61);
#2614=CARTESIAN_POINT('',(-0.22,0.32,7.9));
#2615=ADVANCED_FACE('',(#2616),#2629,.F.);
#2616=FACE_BOUND('',#2617,.T.);
#2617=EDGE_LOOP('',(#2618,#1771,#2619,#2625));
#2618=ORIENTED_EDGE('',*,*,#2603,.F.);
#2619=ORIENTED_EDGE('',*,*,#2620,.T.);
#2620=EDGE_CURVE('',#1773,#2621,#2623,.T.);
#2621=VERTEX_POINT('',#2622);
#2622=CARTESIAN_POINT('',(0.12,-0.12,8.));
#2623=LINE('',#2624,#2307);
#2624=CARTESIAN_POINT('',(0.146666666667,-0.146666666667,7.973333333333));
#2625=ORIENTED_EDGE('',*,*,#2626,.F.);
#2626=EDGE_CURVE('',#2604,#2621,#2627,.T.);
#2627=LINE('',#2628,#102);
#2628=CARTESIAN_POINT('',(-0.32,-0.12,8.));
#2629=PLANE('',#2630);
#2630=AXIS2_PLACEMENT_3D('',#2631,#1878,#73);
#2631=CARTESIAN_POINT('',(-0.32,-0.22,7.9));
#2632=ADVANCED_FACE('',(#2633),#2641,.F.);
#2633=FACE_BOUND('',#2634,.F.);
#2634=EDGE_LOOP('',(#2619,#2635,#2639,#2640));
#2635=ORIENTED_EDGE('',*,*,#2636,.T.);
#2636=EDGE_CURVE('',#2621,#2581,#2637,.T.);
#2637=LINE('',#2638,#60);
#2638=CARTESIAN_POINT('',(0.12,-0.32,8.));
#2639=ORIENTED_EDGE('',*,*,#2580,.T.);
#2640=ORIENTED_EDGE('',*,*,#1783,.F.);
#2641=PLANE('',#2642);
#2642=AXIS2_PLACEMENT_3D('',#2643,#1857,#61);
#2643=CARTESIAN_POINT('',(0.22,-0.32,7.9));
#2644=ADVANCED_FACE('',(#2645),#2663,.F.);
#2645=FACE_BOUND('',#2646,.T.);
#2646=EDGE_LOOP('',(#2647,#1793,#2653,#2659));
#2647=ORIENTED_EDGE('',*,*,#2648,.T.);
#2648=EDGE_CURVE('',#2649,#1791,#2651,.T.);
#2649=VERTEX_POINT('',#2650);
#2650=CARTESIAN_POINT('',(2.42,0.12,8.));
#2651=LINE('',#2652,#1888);
#2652=CARTESIAN_POINT('',(2.393333333333,0.146666666667,7.973333333333));
#2653=ORIENTED_EDGE('',*,*,#2654,.T.);
#2654=EDGE_CURVE('',#1795,#2655,#2657,.T.);
#2655=VERTEX_POINT('',#2656);
#2656=CARTESIAN_POINT('',(2.42,-0.12,8.));
#2657=LINE('',#2658,#2352);
#2658=CARTESIAN_POINT('',(2.393333333333,-0.146666666667,7.973333333333));
#2659=ORIENTED_EDGE('',*,*,#2660,.F.);
#2660=EDGE_CURVE('',#2649,#2655,#2661,.T.);
#2661=LINE('',#2662,#33);
#2662=CARTESIAN_POINT('',(2.42,0.32,8.));
#2663=PLANE('',#2664);
#2664=AXIS2_PLACEMENT_3D('',#2665,#1899,#61);
#2665=CARTESIAN_POINT('',(2.32,0.32,7.9));
#2666=ADVANCED_FACE('',(#2667),#2680,.F.);
#2667=FACE_BOUND('',#2668,.T.);
#2668=EDGE_LOOP('',(#2669,#1804,#2670,#2676));
#2669=ORIENTED_EDGE('',*,*,#2654,.F.);
#2670=ORIENTED_EDGE('',*,*,#2671,.T.);
#2671=EDGE_CURVE('',#1806,#2672,#2674,.T.);
#2672=VERTEX_POINT('',#2673);
#2673=CARTESIAN_POINT('',(2.66,-0.12,8.));
#2674=LINE('',#2675,#2307);
#2675=CARTESIAN_POINT('',(2.686666666667,-0.146666666667,7.973333333333));
#2676=ORIENTED_EDGE('',*,*,#2677,.F.);
#2677=EDGE_CURVE('',#2655,#2672,#2678,.T.);
#2678=LINE('',#2679,#102);
#2679=CARTESIAN_POINT('',(2.22,-0.12,8.));
#2680=PLANE('',#2681);
#2681=AXIS2_PLACEMENT_3D('',#2682,#1878,#73);
#2682=CARTESIAN_POINT('',(2.22,-0.22,7.9));
#2683=ADVANCED_FACE('',(#2684),#2697,.F.);
#2684=FACE_BOUND('',#2685,.F.);
#2685=EDGE_LOOP('',(#2670,#2686,#2692,#2696));
#2686=ORIENTED_EDGE('',*,*,#2687,.T.);
#2687=EDGE_CURVE('',#2672,#2688,#2690,.T.);
#2688=VERTEX_POINT('',#2689);
#2689=CARTESIAN_POINT('',(2.66,0.12,8.));
#2690=LINE('',#2691,#60);
#2691=CARTESIAN_POINT('',(2.66,-0.32,8.));
#2692=ORIENTED_EDGE('',*,*,#2693,.T.);
#2693=EDGE_CURVE('',#2688,#1817,#2694,.T.);
#2694=LINE('',#2695,#1848);
#2695=CARTESIAN_POINT('',(2.686666666667,0.146666666667,7.973333333333));
#2696=ORIENTED_EDGE('',*,*,#1816,.F.);
#2697=PLANE('',#2698);
#2698=AXIS2_PLACEMENT_3D('',#2699,#1857,#61);
#2699=CARTESIAN_POINT('',(2.76,-0.32,7.9));
#2700=ADVANCED_FACE('',(#2701),#2709,.F.);
#2701=FACE_BOUND('',#2702,.F.);
#2702=EDGE_LOOP('',(#2703,#2704,#2647,#2708));
#2703=ORIENTED_EDGE('',*,*,#2693,.F.);
#2704=ORIENTED_EDGE('',*,*,#2705,.T.);
#2705=EDGE_CURVE('',#2688,#2649,#2706,.T.);
#2706=LINE('',#2707,#89);
#2707=CARTESIAN_POINT('',(2.86,0.12,8.));
#2708=ORIENTED_EDGE('',*,*,#1827,.F.);
#2709=PLANE('',#2710);
#2710=AXIS2_PLACEMENT_3D('',#2711,#1913,#73);
#2711=CARTESIAN_POINT('',(2.86,0.22,7.9));
#2712=ADVANCED_FACE('',(#2713),#2719,.F.);
#2713=FACE_BOUND('',#2714,.F.);
#2714=EDGE_LOOP('',(#2715,#2716,#2717,#2718));
#2715=ORIENTED_EDGE('',*,*,#1872,.T.);
#2716=ORIENTED_EDGE('',*,*,#1851,.T.);
#2717=ORIENTED_EDGE('',*,*,#1907,.T.);
#2718=ORIENTED_EDGE('',*,*,#1893,.T.);
#2719=PLANE('',#2720);
#2720=AXIS2_PLACEMENT_3D('',#2721,#13,#14);
#2721=CARTESIAN_POINT('',(2.54,-2.54,-3.));
#2722=ADVANCED_FACE('',(#2723),#2729,.F.);
#2723=FACE_BOUND('',#2724,.F.);
#2724=EDGE_LOOP('',(#2725,#2726,#2727,#2728));
#2725=ORIENTED_EDGE('',*,*,#1980,.T.);
#2726=ORIENTED_EDGE('',*,*,#1967,.T.);
#2727=ORIENTED_EDGE('',*,*,#1949,.T.);
#2728=ORIENTED_EDGE('',*,*,#1931,.T.);
#2729=PLANE('',#2730);
#2730=AXIS2_PLACEMENT_3D('',#2731,#13,#14);
#2731=CARTESIAN_POINT('',(1.084202172486E-17,-2.54,-3.));
#2732=ADVANCED_FACE('',(#2733),#2739,.F.);
#2733=FACE_BOUND('',#2734,.F.);
#2734=EDGE_LOOP('',(#2735,#2736,#2737,#2738));
#2735=ORIENTED_EDGE('',*,*,#2039,.T.);
#2736=ORIENTED_EDGE('',*,*,#2021,.T.);
#2737=ORIENTED_EDGE('',*,*,#2003,.T.);
#2738=ORIENTED_EDGE('',*,*,#2052,.T.);
#2739=PLANE('',#2740);
#2740=AXIS2_PLACEMENT_3D('',#2741,#13,#14);
#2741=CARTESIAN_POINT('',(2.54,-5.08,-3.));
#2742=ADVANCED_FACE('',(#2743),#2749,.F.);
#2743=FACE_BOUND('',#2744,.F.);
#2744=EDGE_LOOP('',(#2745,#2746,#2747,#2748));
#2745=ORIENTED_EDGE('',*,*,#2124,.T.);
#2746=ORIENTED_EDGE('',*,*,#2111,.T.);
#2747=ORIENTED_EDGE('',*,*,#2093,.T.);
#2748=ORIENTED_EDGE('',*,*,#2075,.T.);
#2749=PLANE('',#2750);
#2750=AXIS2_PLACEMENT_3D('',#2751,#13,#14);
#2751=CARTESIAN_POINT('',(1.084202172486E-17,-5.08,-3.));
#2752=ADVANCED_FACE('',(#2753),#2759,.F.);
#2753=FACE_BOUND('',#2754,.F.);
#2754=EDGE_LOOP('',(#2755,#2756,#2757,#2758));
#2755=ORIENTED_EDGE('',*,*,#2196,.T.);
#2756=ORIENTED_EDGE('',*,*,#2183,.T.);
#2757=ORIENTED_EDGE('',*,*,#2165,.T.);
#2758=ORIENTED_EDGE('',*,*,#2147,.T.);
#2759=PLANE('',#2760);
#2760=AXIS2_PLACEMENT_3D('',#2761,#13,#14);
#2761=CARTESIAN_POINT('',(1.084202172486E-17,-1.084202172486E-17,-3.));
#2762=ADVANCED_FACE('',(#2763),#2769,.F.);
#2763=FACE_BOUND('',#2764,.F.);
#2764=EDGE_LOOP('',(#2765,#2766,#2767,#2768));
#2765=ORIENTED_EDGE('',*,*,#2268,.T.);
#2766=ORIENTED_EDGE('',*,*,#2255,.T.);
#2767=ORIENTED_EDGE('',*,*,#2237,.T.);
#2768=ORIENTED_EDGE('',*,*,#2219,.T.);
#2769=PLANE('',#2770);
#2770=AXIS2_PLACEMENT_3D('',#2771,#13,#14);
#2771=CARTESIAN_POINT('',(2.54,-1.084202172486E-17,-3.));
#2772=ADVANCED_FACE('',(#2773),#2777,.T.);
#2773=FACE_BOUND('',#2774,.T.);
#2774=EDGE_LOOP('',(#2775,#2309,#2327,#2776));
#2775=ORIENTED_EDGE('',*,*,#2366,.T.);
#2776=ORIENTED_EDGE('',*,*,#2355,.T.);
#2777=PLANE('',#2778);
#2778=AXIS2_PLACEMENT_3D('',#2779,#13,#14);
#2779=CARTESIAN_POINT('',(2.54,-2.54,8.));
#2780=ADVANCED_FACE('',(#2781),#2785,.T.);
#2781=FACE_BOUND('',#2782,.T.);
#2782=EDGE_LOOP('',(#2399,#2783,#2784,#2381));
#2783=ORIENTED_EDGE('',*,*,#2423,.T.);
#2784=ORIENTED_EDGE('',*,*,#2434,.T.);
#2785=PLANE('',#2786);
#2786=AXIS2_PLACEMENT_3D('',#2787,#13,#14);
#2787=CARTESIAN_POINT('',(2.54,-5.08,8.));
#2788=ADVANCED_FACE('',(#2789),#2793,.T.);
#2789=FACE_BOUND('',#2790,.T.);
#2790=EDGE_LOOP('',(#2500,#2791,#2792,#2482));
#2791=ORIENTED_EDGE('',*,*,#2456,.T.);
#2792=ORIENTED_EDGE('',*,*,#2473,.T.);
#2793=PLANE('',#2794);
#2794=AXIS2_PLACEMENT_3D('',#2795,#13,#14);
#2795=CARTESIAN_POINT('',(1.084202172486E-17,-2.54,8.));
#2796=ADVANCED_FACE('',(#2797),#2801,.T.);
#2797=FACE_BOUND('',#2798,.T.);
#2798=EDGE_LOOP('',(#2551,#2799,#2800,#2533));
#2799=ORIENTED_EDGE('',*,*,#2570,.T.);
#2800=ORIENTED_EDGE('',*,*,#2524,.T.);
#2801=PLANE('',#2802);
#2802=AXIS2_PLACEMENT_3D('',#2803,#13,#14);
#2803=CARTESIAN_POINT('',(1.084202172486E-17,-5.08,8.));
#2804=ADVANCED_FACE('',(#2805),#2809,.T.);
#2805=FACE_BOUND('',#2806,.T.);
#2806=EDGE_LOOP('',(#2807,#2635,#2585,#2808));
#2807=ORIENTED_EDGE('',*,*,#2626,.T.);
#2808=ORIENTED_EDGE('',*,*,#2609,.T.);
#2809=PLANE('',#2810);
#2810=AXIS2_PLACEMENT_3D('',#2811,#13,#14);
#2811=CARTESIAN_POINT('',(1.084202172486E-17,-1.084202172486E-17,8.));
#2812=ADVANCED_FACE('',(#2813),#2817,.T.);
#2813=FACE_BOUND('',#2814,.T.);
#2814=EDGE_LOOP('',(#2704,#2815,#2816,#2686));
#2815=ORIENTED_EDGE('',*,*,#2660,.T.);
#2816=ORIENTED_EDGE('',*,*,#2677,.T.);
#2817=PLANE('',#2818);
#2818=AXIS2_PLACEMENT_3D('',#2819,#13,#14);
#2819=CARTESIAN_POINT('',(2.54,-1.084202172486E-17,8.));
#2820=( GEOMETRIC_REPRESENTATION_CONTEXT(3) GLOBAL_UNCERTAINTY_ASSIGNED_CONTEXT((#2824)) GLOBAL_UNIT_ASSIGNED_CONTEXT((#2821,#2822,#2823)) REPRESENTATION_CONTEXT('Context #1','3D Context with UNIT and UNCERTAINTY') );
#2821=( LENGTH_UNIT() NAMED_UNIT(*) SI_UNIT(.MILLI.,.METRE.) );
#2822=( NAMED_UNIT(*) PLANE_ANGLE_UNIT() SI_UNIT($,.RADIAN.) );
#2823=( NAMED_UNIT(*) SI_UNIT($,.STERADIAN.) SOLID_ANGLE_UNIT() );
#2824=UNCERTAINTY_MEASURE_WITH_UNIT(LENGTH_MEASURE(2.E-05),#2821,'distance_accuracy_value','confusion accuracy');
#2825=MECHANICAL_DESIGN_GEOMETRIC_PRESENTATION_REPRESENTATION('',(#2826,#2834,#2835,#2836,#2837,#2838,#2839,#2840,#2841,#2842,#2843,#2844,#2845,#2846,#2847,#2848,#2849,#2850,#2851,#2852,#2853,#2854,#2855,#2856,#2857,#2858,#2859,#2860,#2868,#2869,#2870,#2871,#2872,#2873,#2874,#2875,#2876,#2877,#2878,#2879,#2880,#2881,#2882,#2883,#2884,#2885,#2886,#2887,#2888,#2889,#2890,#2891,#2892,#2893,#2894,#2895,#2896,#2897,#2898,#2899,#2900,#2901,#2902,#2903,#2904,#2905,#2906,#2907,#2908,#2909,#2910,#2911,#2912,#2913,#2914,#2915,#2916,#2917,#2918,#2919,#2920,#2921,#2922,#2923,#2924,#2925,#2926,#2927,#2928,#2929,#2930,#2931,#2932,#2933,#2934,#2935,#2936,#2937,#2938,#2939,#2940,#2941,#2942,#2943,#2944,#2945,#2946,#2947,#2948,#2949,#2950,#2951,#2952,#2953,#2954,#2955,#2956,#2957,#2958,#2959,#2960,#2961,#2962,#2963,#2964,#2965,#2966,#2967,#2968,#2969,#2970,#2971,#2972,#2973,#2974,#2975,#2976,#2977,#2978,#2979,#2980,#2981,#2982,#2983,#2984,#2985,#2986,#2987,#2988,#2989),#2820);
#2826=STYLED_ITEM('color',(#2827),#17);
#2827=PRESENTATION_STYLE_ASSIGNMENT((#2828));
#2828=SURFACE_STYLE_USAGE(.BOTH.,#2829);
#2829=SURFACE_SIDE_STYLE('',(#2830));
#2830=SURFACE_STYLE_FILL_AREA(#2831);
#2831=FILL_AREA_STYLE('',(#2832));
#2832=FILL_AREA_STYLE_COLOUR('',#2833);
#2833=COLOUR_RGB('',0.145098045468,0.141176477075,0.141176477075);
#2834=STYLED_ITEM('color',(#2827),#74);
#2835=STYLED_ITEM('color',(#2827),#118);
#2836=STYLED_ITEM('color',(#2827),#169);
#2837=STYLED_ITEM('color',(#2827),#196);
#2838=STYLED_ITEM('color',(#2827),#212);
#2839=STYLED_ITEM('color',(#2827),#235);
#2840=STYLED_ITEM('color',(#2827),#273);
#2841=STYLED_ITEM('color',(#2827),#570);
#2842=STYLED_ITEM('color',(#2827),#625);
#2843=STYLED_ITEM('color',(#2827),#653);
#2844=STYLED_ITEM('color',(#2827),#668);
#2845=STYLED_ITEM('color',(#2827),#690);
#2846=STYLED_ITEM('color',(#2827),#708);
#2847=STYLED_ITEM('color',(#2827),#747);
#2848=STYLED_ITEM('color',(#2827),#764);
#2849=STYLED_ITEM('color',(#2827),#784);
#2850=STYLED_ITEM('color',(#2827),#792);
#2851=STYLED_ITEM('color',(#2827),#989);
#2852=STYLED_ITEM('color',(#2827),#998);
#2853=STYLED_ITEM('color',(#2827),#1014);
#2854=STYLED_ITEM('color',(#2827),#1023);
#2855=STYLED_ITEM('color',(#2827),#1035);
#2856=STYLED_ITEM('color',(#2827),#1044);
#2857=STYLED_ITEM('color',(#2827),#1053);
#2858=STYLED_ITEM('color',(#2827),#1067);
#2859=STYLED_ITEM('color',(#2827),#1081);
#2860=STYLED_ITEM('color',(#2861),#1095);
#2861=PRESENTATION_STYLE_ASSIGNMENT((#2862));
#2862=SURFACE_STYLE_USAGE(.BOTH.,#2863);
#2863=SURFACE_SIDE_STYLE('',(#2864));
#2864=SURFACE_STYLE_FILL_AREA(#2865);
#2865=FILL_AREA_STYLE('',(#2866));
#2866=FILL_AREA_STYLE_COLOUR('',#2867);
#2867=COLOUR_RGB('',0.858823537827,0.737254917622,0.494117647409);
#2868=STYLED_ITEM('color',(#2861),#1115);
#2869=STYLED_ITEM('color',(#2861),#1130);
#2870=STYLED_ITEM('color',(#2861),#1145);
#2871=STYLED_ITEM('color',(#2861),#1155);
#2872=STYLED_ITEM('color',(#2861),#1175);
#2873=STYLED_ITEM('color',(#2861),#1190);
#2874=STYLED_ITEM('color',(#2861),#1205);
#2875=STYLED_ITEM('color',(#2861),#1215);
#2876=STYLED_ITEM('color',(#2861),#1235);
#2877=STYLED_ITEM('color',(#2861),#1250);
#2878=STYLED_ITEM('color',(#2861),#1265);
#2879=STYLED_ITEM('color',(#2861),#1275);
#2880=STYLED_ITEM('color',(#2861),#1295);
#2881=STYLED_ITEM('color',(#2861),#1310);
#2882=STYLED_ITEM('color',(#2861),#1325);
#2883=STYLED_ITEM('color',(#2861),#1335);
#2884=STYLED_ITEM('color',(#2861),#1355);
#2885=STYLED_ITEM('color',(#2861),#1370);
#2886=STYLED_ITEM('color',(#2861),#1385);
#2887=STYLED_ITEM('color',(#2861),#1395);
#2888=STYLED_ITEM('color',(#2861),#1415);
#2889=STYLED_ITEM('color',(#2861),#1430);
#2890=STYLED_ITEM('color',(#2861),#1445);
#2891=STYLED_ITEM('color',(#2827),#1455);
#2892=STYLED_ITEM('color',(#2827),#1471);
#2893=STYLED_ITEM('color',(#2827),#1487);
#2894=STYLED_ITEM('color',(#2827),#1503);
#2895=STYLED_ITEM('color',(#2827),#1519);
#2896=STYLED_ITEM('color',(#2827),#1535);
#2897=STYLED_ITEM('color',(#2827),#1551);
#2898=STYLED_ITEM('color',(#2827),#1556);
#2899=STYLED_ITEM('color',(#2827),#1561);
#2900=STYLED_ITEM('color',(#2861),#1566);
#2901=STYLED_ITEM('color',(#2861),#1580);
#2902=STYLED_ITEM('color',(#2861),#1591);
#2903=STYLED_ITEM('color',(#2861),#1602);
#2904=STYLED_ITEM('color',(#2861),#1610);
#2905=STYLED_ITEM('color',(#2861),#1624);
#2906=STYLED_ITEM('color',(#2861),#1635);
#2907=STYLED_ITEM('color',(#2861),#1646);
#2908=STYLED_ITEM('color',(#2861),#1654);
#2909=STYLED_ITEM('color',(#2861),#1668);
#2910=STYLED_ITEM('color',(#2861),#1679);
#2911=STYLED_ITEM('color',(#2861),#1690);
#2912=STYLED_ITEM('color',(#2861),#1698);
#2913=STYLED_ITEM('color',(#2861),#1712);
#2914=STYLED_ITEM('color',(#2861),#1723);
#2915=STYLED_ITEM('color',(#2861),#1734);
#2916=STYLED_ITEM('color',(#2861),#1742);
#2917=STYLED_ITEM('color',(#2861),#1756);
#2918=STYLED_ITEM('color',(#2861),#1767);
#2919=STYLED_ITEM('color',(#2861),#1778);
#2920=STYLED_ITEM('color',(#2861),#1786);
#2921=STYLED_ITEM('color',(#2861),#1800);
#2922=STYLED_ITEM('color',(#2861),#1811);
#2923=STYLED_ITEM('color',(#2861),#1822);
#2924=STYLED_ITEM('color',(#2861),#1830);
#2925=STYLED_ITEM('color',(#2861),#1858);
#2926=STYLED_ITEM('color',(#2861),#1879);
#2927=STYLED_ITEM('color',(#2861),#1900);
#2928=STYLED_ITEM('color',(#2861),#1914);
#2929=STYLED_ITEM('color',(#2861),#1937);
#2930=STYLED_ITEM('color',(#2861),#1955);
#2931=STYLED_ITEM('color',(#2861),#1973);
#2932=STYLED_ITEM('color',(#2861),#1986);
#2933=STYLED_ITEM('color',(#2861),#2009);
#2934=STYLED_ITEM('color',(#2861),#2027);
#2935=STYLED_ITEM('color',(#2861),#2045);
#2936=STYLED_ITEM('color',(#2861),#2058);
#2937=STYLED_ITEM('color',(#2861),#2081);
#2938=STYLED_ITEM('color',(#2861),#2099);
#2939=STYLED_ITEM('color',(#2861),#2117);
#2940=STYLED_ITEM('color',(#2861),#2130);
#2941=STYLED_ITEM('color',(#2861),#2153);
#2942=STYLED_ITEM('color',(#2861),#2171);
#2943=STYLED_ITEM('color',(#2861),#2189);
#2944=STYLED_ITEM('color',(#2861),#2202);
#2945=STYLED_ITEM('color',(#2861),#2225);
#2946=STYLED_ITEM('color',(#2861),#2243);
#2947=STYLED_ITEM('color',(#2861),#2261);
#2948=STYLED_ITEM('color',(#2827),#2274);
#2949=STYLED_ITEM('color',(#2827),#2278);
#2950=STYLED_ITEM('color',(#2827),#2282);
#2951=STYLED_ITEM('color',(#2827),#2286);
#2952=STYLED_ITEM('color',(#2827),#2290);
#2953=STYLED_ITEM('color',(#2827),#2294);
#2954=STYLED_ITEM('color',(#2861),#2298);
#2955=STYLED_ITEM('color',(#2861),#2323);
#2956=STYLED_ITEM('color',(#2861),#2343);
#2957=STYLED_ITEM('color',(#2861),#2361);
#2958=STYLED_ITEM('color',(#2861),#2372);
#2959=STYLED_ITEM('color',(#2861),#2395);
#2960=STYLED_ITEM('color',(#2861),#2413);
#2961=STYLED_ITEM('color',(#2861),#2429);
#2962=STYLED_ITEM('color',(#2861),#2440);
#2963=STYLED_ITEM('color',(#2861),#2462);
#2964=STYLED_ITEM('color',(#2861),#2479);
#2965=STYLED_ITEM('color',(#2861),#2496);
#2966=STYLED_ITEM('color',(#2861),#2508);
#2967=STYLED_ITEM('color',(#2861),#2530);
#2968=STYLED_ITEM('color',(#2861),#2547);
#2969=STYLED_ITEM('color',(#2861),#2565);
#2970=STYLED_ITEM('color',(#2861),#2576);
#2971=STYLED_ITEM('color',(#2861),#2599);
#2972=STYLED_ITEM('color',(#2861),#2615);
#2973=STYLED_ITEM('color',(#2861),#2632);
#2974=STYLED_ITEM('color',(#2861),#2644);
#2975=STYLED_ITEM('color',(#2861),#2666);
#2976=STYLED_ITEM('color',(#2861),#2683);
#2977=STYLED_ITEM('color',(#2861),#2700);
#2978=STYLED_ITEM('color',(#2861),#2712);
#2979=STYLED_ITEM('color',(#2861),#2722);
#2980=STYLED_ITEM('color',(#2861),#2732);
#2981=STYLED_ITEM('color',(#2861),#2742);
#2982=STYLED_ITEM('color',(#2861),#2752);
#2983=STYLED_ITEM('color',(#2861),#2762);
#2984=STYLED_ITEM('color',(#2861),#2772);
#2985=STYLED_ITEM('color',(#2861),#2780);
#2986=STYLED_ITEM('color',(#2861),#2788);
#2987=STYLED_ITEM('color',(#2861),#2796);
#2988=STYLED_ITEM('color',(#2861),#2804);
#2989=STYLED_ITEM('color',(#2861),#2812);
ENDSEC;
END-ISO-10303-21;
