ISO-10303-21;
HEADER;
/* Generated by software containing ST-Developer
 * from STEP Tools, Inc. (www.steptools.com) 
 */
/* OPTION: using custom renumber hook */

FILE_DESCRIPTION(
/* description */ ('STEP AP242 Edition 2',
'CAx-IF Rec.Pracs.---Representation and Presentation of Product Manufa
cturing Information (PMI)---4.0---2014-10-13',
'CAx-IF Rec.Pracs.---3D Tessellated Geometry---0.4---2014-09-14','2;1',
'CAx-IF Rec.Pracs.---User Defined Attributes---1.5---2016-08-15'),
/* implementation_level */ '2;1');

FILE_NAME(
/* name */ 'Part Studio 1',
/* time_stamp */ '2026-08-16T22:30:11Z',
/* author */ (''),
/* organization */ (''),
/* preprocessor_version */ 'ST-DEVELOPER v20',
/* originating_system */ 'ONSHAPE BY PTC INC, 1.219',
/* authorisation */ '  ');

FILE_SCHEMA (('AP242_MANAGED_MODEL_BASED_3D_ENGINEERING_MIM_LF { 1 0 10303 442 3 1 4 }'));
ENDSEC;

DATA;
#10=SHAPE_REPRESENTATION_RELATIONSHIP('','',#1523,#17);
#11=SHAPE_REPRESENTATION_RELATIONSHIP('','',#1524,#18);
#12=SHAPE_REPRESENTATION_RELATIONSHIP('','',#1525,#19);
#13=SHAPE_REPRESENTATION_RELATIONSHIP('','',#1526,#20);
#14=SHAPE_REPRESENTATION_RELATIONSHIP('','',#1527,#21);
#15=SHAPE_REPRESENTATION_RELATIONSHIP('','',#1528,#22);
#16=SHAPE_REPRESENTATION_RELATIONSHIP('','',#1529,#23);
#17=ADVANCED_BREP_SHAPE_REPRESENTATION('',(#1509),#2503);
#18=ADVANCED_BREP_SHAPE_REPRESENTATION('',(#1510),#2504);
#19=ADVANCED_BREP_SHAPE_REPRESENTATION('',(#1511),#2505);
#20=ADVANCED_BREP_SHAPE_REPRESENTATION('',(#1512),#2506);
#21=ADVANCED_BREP_SHAPE_REPRESENTATION('',(#1513),#2507);
#22=ADVANCED_BREP_SHAPE_REPRESENTATION('',(#1514),#2508);
#23=ADVANCED_BREP_SHAPE_REPRESENTATION('',(#1515),#2509);
#24=ELLIPSE('',#1570,0.00212132034355965,0.0015);
#25=ELLIPSE('',#1572,0.00212132034355965,0.0015);
#26=CYLINDRICAL_SURFACE('',#1569,0.0015);
#27=CYLINDRICAL_SURFACE('',#1571,0.0015);
#28=CYLINDRICAL_SURFACE('',#1609,0.00035);
#29=CYLINDRICAL_SURFACE('',#1618,0.00035);
#30=CYLINDRICAL_SURFACE('',#1627,0.00035);
#31=CYLINDRICAL_SURFACE('',#1636,0.00035);
#32=CYLINDRICAL_SURFACE('',#1645,0.00035);
#33=CYLINDRICAL_SURFACE('',#1654,0.00035);
#34=LINE('',#2086,#189);
#35=LINE('',#2088,#190);
#36=LINE('',#2090,#191);
#37=LINE('',#2092,#192);
#38=LINE('',#2094,#193);
#39=LINE('',#2097,#194);
#40=LINE('',#2099,#195);
#41=LINE('',#2101,#196);
#42=LINE('',#2102,#197);
#43=LINE('',#2105,#198);
#44=LINE('',#2107,#199);
#45=LINE('',#2109,#200);
#46=LINE('',#2110,#201);
#47=LINE('',#2113,#202);
#48=LINE('',#2115,#203);
#49=LINE('',#2117,#204);
#50=LINE('',#2118,#205);
#51=LINE('',#2121,#206);
#52=LINE('',#2123,#207);
#53=LINE('',#2125,#208);
#54=LINE('',#2126,#209);
#55=LINE('',#2129,#210);
#56=LINE('',#2131,#211);
#57=LINE('',#2133,#212);
#58=LINE('',#2134,#213);
#59=LINE('',#2137,#214);
#60=LINE('',#2139,#215);
#61=LINE('',#2141,#216);
#62=LINE('',#2142,#217);
#63=LINE('',#2145,#218);
#64=LINE('',#2147,#219);
#65=LINE('',#2149,#220);
#66=LINE('',#2151,#221);
#67=LINE('',#2153,#222);
#68=LINE('',#2155,#223);
#69=LINE('',#2157,#224);
#70=LINE('',#2159,#225);
#71=LINE('',#2162,#226);
#72=LINE('',#2164,#227);
#73=LINE('',#2166,#228);
#74=LINE('',#2168,#229);
#75=LINE('',#2169,#230);
#76=LINE('',#2171,#231);
#77=LINE('',#2173,#232);
#78=LINE('',#2176,#233);
#79=LINE('',#2178,#234);
#80=LINE('',#2180,#235);
#81=LINE('',#2182,#236);
#82=LINE('',#2185,#237);
#83=LINE('',#2186,#238);
#84=LINE('',#2188,#239);
#85=LINE('',#2191,#240);
#86=LINE('',#2192,#241);
#87=LINE('',#2194,#242);
#88=LINE('',#2197,#243);
#89=LINE('',#2199,#244);
#90=LINE('',#2201,#245);
#91=LINE('',#2203,#246);
#92=LINE('',#2206,#247);
#93=LINE('',#2207,#248);
#94=LINE('',#2209,#249);
#95=LINE('',#2212,#250);
#96=LINE('',#2213,#251);
#97=LINE('',#2215,#252);
#98=LINE('',#2218,#253);
#99=LINE('',#2220,#254);
#100=LINE('',#2222,#255);
#101=LINE('',#2224,#256);
#102=LINE('',#2227,#257);
#103=LINE('',#2228,#258);
#104=LINE('',#2230,#259);
#105=LINE('',#2233,#260);
#106=LINE('',#2234,#261);
#107=LINE('',#2236,#262);
#108=LINE('',#2239,#263);
#109=LINE('',#2241,#264);
#110=LINE('',#2243,#265);
#111=LINE('',#2245,#266);
#112=LINE('',#2248,#267);
#113=LINE('',#2249,#268);
#114=LINE('',#2251,#269);
#115=LINE('',#2254,#270);
#116=LINE('',#2255,#271);
#117=LINE('',#2257,#272);
#118=LINE('',#2260,#273);
#119=LINE('',#2262,#274);
#120=LINE('',#2264,#275);
#121=LINE('',#2266,#276);
#122=LINE('',#2269,#277);
#123=LINE('',#2270,#278);
#124=LINE('',#2272,#279);
#125=LINE('',#2275,#280);
#126=LINE('',#2276,#281);
#127=LINE('',#2278,#282);
#128=LINE('',#2281,#283);
#129=LINE('',#2283,#284);
#130=LINE('',#2285,#285);
#131=LINE('',#2287,#286);
#132=LINE('',#2290,#287);
#133=LINE('',#2291,#288);
#134=LINE('',#2293,#289);
#135=LINE('',#2296,#290);
#136=LINE('',#2297,#291);
#137=LINE('',#2299,#292);
#138=LINE('',#2301,#293);
#139=LINE('',#2305,#294);
#140=LINE('',#2307,#295);
#141=LINE('',#2309,#296);
#142=LINE('',#2311,#297);
#143=LINE('',#2313,#298);
#144=LINE('',#2315,#299);
#145=LINE('',#2316,#300);
#146=LINE('',#2318,#301);
#147=LINE('',#2319,#302);
#148=LINE('',#2321,#303);
#149=LINE('',#2322,#304);
#150=LINE('',#2324,#305);
#151=LINE('',#2325,#306);
#152=LINE('',#2327,#307);
#153=LINE('',#2328,#308);
#154=LINE('',#2330,#309);
#155=LINE('',#2332,#310);
#156=LINE('',#2333,#311);
#157=LINE('',#2335,#312);
#158=LINE('',#2340,#313);
#159=LINE('',#2342,#314);
#160=LINE('',#2344,#315);
#161=LINE('',#2350,#316);
#162=LINE('',#2352,#317);
#163=LINE('',#2354,#318);
#164=LINE('',#2356,#319);
#165=LINE('',#2365,#320);
#166=LINE('',#2366,#321);
#167=LINE('',#2368,#322);
#168=LINE('',#2370,#323);
#169=LINE('',#2373,#324);
#170=LINE('',#2374,#325);
#171=LINE('',#2376,#326);
#172=LINE('',#2378,#327);
#173=LINE('',#2381,#328);
#174=LINE('',#2382,#329);
#175=LINE('',#2384,#330);
#176=LINE('',#2386,#331);
#177=LINE('',#2389,#332);
#178=LINE('',#2390,#333);
#179=LINE('',#2392,#334);
#180=LINE('',#2394,#335);
#181=LINE('',#2397,#336);
#182=LINE('',#2398,#337);
#183=LINE('',#2400,#338);
#184=LINE('',#2402,#339);
#185=LINE('',#2405,#340);
#186=LINE('',#2406,#341);
#187=LINE('',#2408,#342);
#188=LINE('',#2410,#343);
#189=VECTOR('',#1668,1.);
#190=VECTOR('',#1669,1.);
#191=VECTOR('',#1670,1.);
#192=VECTOR('',#1671,1.);
#193=VECTOR('',#1674,1.);
#194=VECTOR('',#1675,1.);
#195=VECTOR('',#1676,1.);
#196=VECTOR('',#1677,1.);
#197=VECTOR('',#1678,1.);
#198=VECTOR('',#1679,1.);
#199=VECTOR('',#1680,1.);
#200=VECTOR('',#1681,1.);
#201=VECTOR('',#1682,1.);
#202=VECTOR('',#1683,1.);
#203=VECTOR('',#1684,1.);
#204=VECTOR('',#1685,1.);
#205=VECTOR('',#1686,1.);
#206=VECTOR('',#1687,1.);
#207=VECTOR('',#1688,1.);
#208=VECTOR('',#1689,1.);
#209=VECTOR('',#1690,1.);
#210=VECTOR('',#1691,1.);
#211=VECTOR('',#1692,1.);
#212=VECTOR('',#1693,1.);
#213=VECTOR('',#1694,1.);
#214=VECTOR('',#1695,1.);
#215=VECTOR('',#1696,1.);
#216=VECTOR('',#1697,1.);
#217=VECTOR('',#1698,1.);
#218=VECTOR('',#1699,1.);
#219=VECTOR('',#1700,1.);
#220=VECTOR('',#1701,1.);
#221=VECTOR('',#1702,1.);
#222=VECTOR('',#1703,1.);
#223=VECTOR('',#1704,1.);
#224=VECTOR('',#1705,1.);
#225=VECTOR('',#1708,1.);
#226=VECTOR('',#1709,1.);
#227=VECTOR('',#1710,1.);
#228=VECTOR('',#1711,1.);
#229=VECTOR('',#1712,1.);
#230=VECTOR('',#1713,1.);
#231=VECTOR('',#1714,1.);
#232=VECTOR('',#1717,1.);
#233=VECTOR('',#1718,1.);
#234=VECTOR('',#1719,1.);
#235=VECTOR('',#1720,1.);
#236=VECTOR('',#1723,1.);
#237=VECTOR('',#1724,1.);
#238=VECTOR('',#1725,1.);
#239=VECTOR('',#1728,1.);
#240=VECTOR('',#1729,1.);
#241=VECTOR('',#1730,1.);
#242=VECTOR('',#1733,1.);
#243=VECTOR('',#1734,1.);
#244=VECTOR('',#1735,1.);
#245=VECTOR('',#1736,1.);
#246=VECTOR('',#1739,1.);
#247=VECTOR('',#1740,1.);
#248=VECTOR('',#1741,1.);
#249=VECTOR('',#1744,1.);
#250=VECTOR('',#1745,1.);
#251=VECTOR('',#1746,1.);
#252=VECTOR('',#1749,1.);
#253=VECTOR('',#1750,1.);
#254=VECTOR('',#1751,1.);
#255=VECTOR('',#1752,1.);
#256=VECTOR('',#1755,1.);
#257=VECTOR('',#1756,1.);
#258=VECTOR('',#1757,1.);
#259=VECTOR('',#1760,1.);
#260=VECTOR('',#1761,1.);
#261=VECTOR('',#1762,1.);
#262=VECTOR('',#1765,1.);
#263=VECTOR('',#1766,1.);
#264=VECTOR('',#1767,1.);
#265=VECTOR('',#1768,1.);
#266=VECTOR('',#1771,1.);
#267=VECTOR('',#1772,1.);
#268=VECTOR('',#1773,1.);
#269=VECTOR('',#1776,1.);
#270=VECTOR('',#1777,1.);
#271=VECTOR('',#1778,1.);
#272=VECTOR('',#1781,1.);
#273=VECTOR('',#1782,1.);
#274=VECTOR('',#1783,1.);
#275=VECTOR('',#1784,1.);
#276=VECTOR('',#1787,1.);
#277=VECTOR('',#1788,1.);
#278=VECTOR('',#1789,1.);
#279=VECTOR('',#1792,1.);
#280=VECTOR('',#1793,1.);
#281=VECTOR('',#1794,1.);
#282=VECTOR('',#1797,1.);
#283=VECTOR('',#1798,1.);
#284=VECTOR('',#1799,1.);
#285=VECTOR('',#1800,1.);
#286=VECTOR('',#1803,1.);
#287=VECTOR('',#1804,1.);
#288=VECTOR('',#1805,1.);
#289=VECTOR('',#1808,1.);
#290=VECTOR('',#1809,1.);
#291=VECTOR('',#1810,1.);
#292=VECTOR('',#1813,1.);
#293=VECTOR('',#1814,1.);
#294=VECTOR('',#1817,1.);
#295=VECTOR('',#1820,1.);
#296=VECTOR('',#1821,1.);
#297=VECTOR('',#1824,1.);
#298=VECTOR('',#1825,1.);
#299=VECTOR('',#1828,1.);
#300=VECTOR('',#1829,1.);
#301=VECTOR('',#1832,1.);
#302=VECTOR('',#1833,1.);
#303=VECTOR('',#1836,1.);
#304=VECTOR('',#1837,1.);
#305=VECTOR('',#1840,1.);
#306=VECTOR('',#1841,1.);
#307=VECTOR('',#1844,1.);
#308=VECTOR('',#1845,1.);
#309=VECTOR('',#1848,1.);
#310=VECTOR('',#1851,1.);
#311=VECTOR('',#1852,1.);
#312=VECTOR('',#1855,1.);
#313=VECTOR('',#1860,1.);
#314=VECTOR('',#1863,1.);
#315=VECTOR('',#1866,1.);
#316=VECTOR('',#1877,1.);
#317=VECTOR('',#1880,1.);
#318=VECTOR('',#1883,1.);
#319=VECTOR('',#1886,1.);
#320=VECTOR('',#1903,1.);
#321=VECTOR('',#1904,1.);
#322=VECTOR('',#1907,1.);
#323=VECTOR('',#1910,1.);
#324=VECTOR('',#1915,1.);
#325=VECTOR('',#1916,1.);
#326=VECTOR('',#1919,1.);
#327=VECTOR('',#1922,1.);
#328=VECTOR('',#1927,1.);
#329=VECTOR('',#1928,1.);
#330=VECTOR('',#1931,1.);
#331=VECTOR('',#1934,1.);
#332=VECTOR('',#1939,1.);
#333=VECTOR('',#1940,1.);
#334=VECTOR('',#1943,1.);
#335=VECTOR('',#1946,1.);
#336=VECTOR('',#1951,1.);
#337=VECTOR('',#1952,1.);
#338=VECTOR('',#1955,1.);
#339=VECTOR('',#1958,1.);
#340=VECTOR('',#1963,1.);
#341=VECTOR('',#1964,1.);
#342=VECTOR('',#1967,1.);
#343=VECTOR('',#1970,1.);
#344=ORIENTED_EDGE('',*,*,#726,.T.);
#345=ORIENTED_EDGE('',*,*,#727,.T.);
#346=ORIENTED_EDGE('',*,*,#728,.T.);
#347=ORIENTED_EDGE('',*,*,#729,.F.);
#348=ORIENTED_EDGE('',*,*,#730,.F.);
#349=ORIENTED_EDGE('',*,*,#731,.T.);
#350=ORIENTED_EDGE('',*,*,#732,.T.);
#351=ORIENTED_EDGE('',*,*,#733,.T.);
#352=ORIENTED_EDGE('',*,*,#734,.T.);
#353=ORIENTED_EDGE('',*,*,#735,.T.);
#354=ORIENTED_EDGE('',*,*,#736,.T.);
#355=ORIENTED_EDGE('',*,*,#737,.T.);
#356=ORIENTED_EDGE('',*,*,#738,.T.);
#357=ORIENTED_EDGE('',*,*,#739,.T.);
#358=ORIENTED_EDGE('',*,*,#740,.T.);
#359=ORIENTED_EDGE('',*,*,#741,.T.);
#360=ORIENTED_EDGE('',*,*,#742,.T.);
#361=ORIENTED_EDGE('',*,*,#743,.T.);
#362=ORIENTED_EDGE('',*,*,#744,.T.);
#363=ORIENTED_EDGE('',*,*,#745,.T.);
#364=ORIENTED_EDGE('',*,*,#746,.T.);
#365=ORIENTED_EDGE('',*,*,#747,.T.);
#366=ORIENTED_EDGE('',*,*,#748,.T.);
#367=ORIENTED_EDGE('',*,*,#749,.T.);
#368=ORIENTED_EDGE('',*,*,#750,.T.);
#369=ORIENTED_EDGE('',*,*,#751,.T.);
#370=ORIENTED_EDGE('',*,*,#752,.T.);
#371=ORIENTED_EDGE('',*,*,#753,.T.);
#372=ORIENTED_EDGE('',*,*,#754,.T.);
#373=ORIENTED_EDGE('',*,*,#755,.T.);
#374=ORIENTED_EDGE('',*,*,#756,.T.);
#375=ORIENTED_EDGE('',*,*,#757,.F.);
#376=ORIENTED_EDGE('',*,*,#758,.T.);
#377=ORIENTED_EDGE('',*,*,#759,.T.);
#378=ORIENTED_EDGE('',*,*,#760,.T.);
#379=ORIENTED_EDGE('',*,*,#761,.T.);
#380=ORIENTED_EDGE('',*,*,#762,.T.);
#381=ORIENTED_EDGE('',*,*,#763,.F.);
#382=ORIENTED_EDGE('',*,*,#764,.T.);
#383=ORIENTED_EDGE('',*,*,#765,.T.);
#384=ORIENTED_EDGE('',*,*,#766,.T.);
#385=ORIENTED_EDGE('',*,*,#767,.F.);
#386=ORIENTED_EDGE('',*,*,#729,.T.);
#387=ORIENTED_EDGE('',*,*,#768,.T.);
#388=ORIENTED_EDGE('',*,*,#769,.F.);
#389=ORIENTED_EDGE('',*,*,#770,.F.);
#390=ORIENTED_EDGE('',*,*,#771,.T.);
#391=ORIENTED_EDGE('',*,*,#772,.T.);
#392=ORIENTED_EDGE('',*,*,#773,.T.);
#393=ORIENTED_EDGE('',*,*,#774,.F.);
#394=ORIENTED_EDGE('',*,*,#775,.T.);
#395=ORIENTED_EDGE('',*,*,#770,.T.);
#396=ORIENTED_EDGE('',*,*,#776,.F.);
#397=ORIENTED_EDGE('',*,*,#777,.F.);
#398=ORIENTED_EDGE('',*,*,#778,.T.);
#399=ORIENTED_EDGE('',*,*,#774,.T.);
#400=ORIENTED_EDGE('',*,*,#779,.F.);
#401=ORIENTED_EDGE('',*,*,#780,.F.);
#402=ORIENTED_EDGE('',*,*,#781,.T.);
#403=ORIENTED_EDGE('',*,*,#782,.T.);
#404=ORIENTED_EDGE('',*,*,#783,.T.);
#405=ORIENTED_EDGE('',*,*,#784,.F.);
#406=ORIENTED_EDGE('',*,*,#785,.T.);
#407=ORIENTED_EDGE('',*,*,#780,.T.);
#408=ORIENTED_EDGE('',*,*,#786,.F.);
#409=ORIENTED_EDGE('',*,*,#787,.F.);
#410=ORIENTED_EDGE('',*,*,#788,.T.);
#411=ORIENTED_EDGE('',*,*,#784,.T.);
#412=ORIENTED_EDGE('',*,*,#789,.F.);
#413=ORIENTED_EDGE('',*,*,#790,.F.);
#414=ORIENTED_EDGE('',*,*,#791,.T.);
#415=ORIENTED_EDGE('',*,*,#792,.T.);
#416=ORIENTED_EDGE('',*,*,#793,.T.);
#417=ORIENTED_EDGE('',*,*,#794,.F.);
#418=ORIENTED_EDGE('',*,*,#795,.T.);
#419=ORIENTED_EDGE('',*,*,#790,.T.);
#420=ORIENTED_EDGE('',*,*,#796,.F.);
#421=ORIENTED_EDGE('',*,*,#797,.F.);
#422=ORIENTED_EDGE('',*,*,#798,.T.);
#423=ORIENTED_EDGE('',*,*,#794,.T.);
#424=ORIENTED_EDGE('',*,*,#799,.F.);
#425=ORIENTED_EDGE('',*,*,#800,.F.);
#426=ORIENTED_EDGE('',*,*,#801,.T.);
#427=ORIENTED_EDGE('',*,*,#802,.T.);
#428=ORIENTED_EDGE('',*,*,#803,.T.);
#429=ORIENTED_EDGE('',*,*,#804,.F.);
#430=ORIENTED_EDGE('',*,*,#805,.T.);
#431=ORIENTED_EDGE('',*,*,#800,.T.);
#432=ORIENTED_EDGE('',*,*,#806,.F.);
#433=ORIENTED_EDGE('',*,*,#807,.F.);
#434=ORIENTED_EDGE('',*,*,#808,.T.);
#435=ORIENTED_EDGE('',*,*,#804,.T.);
#436=ORIENTED_EDGE('',*,*,#809,.F.);
#437=ORIENTED_EDGE('',*,*,#810,.F.);
#438=ORIENTED_EDGE('',*,*,#811,.T.);
#439=ORIENTED_EDGE('',*,*,#812,.T.);
#440=ORIENTED_EDGE('',*,*,#813,.T.);
#441=ORIENTED_EDGE('',*,*,#814,.F.);
#442=ORIENTED_EDGE('',*,*,#815,.T.);
#443=ORIENTED_EDGE('',*,*,#810,.T.);
#444=ORIENTED_EDGE('',*,*,#816,.F.);
#445=ORIENTED_EDGE('',*,*,#817,.F.);
#446=ORIENTED_EDGE('',*,*,#818,.T.);
#447=ORIENTED_EDGE('',*,*,#814,.T.);
#448=ORIENTED_EDGE('',*,*,#819,.F.);
#449=ORIENTED_EDGE('',*,*,#820,.F.);
#450=ORIENTED_EDGE('',*,*,#821,.T.);
#451=ORIENTED_EDGE('',*,*,#822,.T.);
#452=ORIENTED_EDGE('',*,*,#823,.T.);
#453=ORIENTED_EDGE('',*,*,#824,.F.);
#454=ORIENTED_EDGE('',*,*,#825,.T.);
#455=ORIENTED_EDGE('',*,*,#820,.T.);
#456=ORIENTED_EDGE('',*,*,#826,.F.);
#457=ORIENTED_EDGE('',*,*,#827,.F.);
#458=ORIENTED_EDGE('',*,*,#828,.T.);
#459=ORIENTED_EDGE('',*,*,#824,.T.);
#460=ORIENTED_EDGE('',*,*,#829,.F.);
#461=ORIENTED_EDGE('',*,*,#830,.F.);
#462=ORIENTED_EDGE('',*,*,#831,.T.);
#463=ORIENTED_EDGE('',*,*,#832,.T.);
#464=ORIENTED_EDGE('',*,*,#833,.T.);
#465=ORIENTED_EDGE('',*,*,#764,.F.);
#466=ORIENTED_EDGE('',*,*,#834,.F.);
#467=ORIENTED_EDGE('',*,*,#835,.T.);
#468=ORIENTED_EDGE('',*,*,#830,.T.);
#469=ORIENTED_EDGE('',*,*,#763,.T.);
#470=ORIENTED_EDGE('',*,*,#836,.F.);
#471=ORIENTED_EDGE('',*,*,#837,.T.);
#472=ORIENTED_EDGE('',*,*,#834,.T.);
#473=ORIENTED_EDGE('',*,*,#769,.T.);
#474=ORIENTED_EDGE('',*,*,#782,.F.);
#475=ORIENTED_EDGE('',*,*,#838,.T.);
#476=ORIENTED_EDGE('',*,*,#787,.T.);
#477=ORIENTED_EDGE('',*,*,#839,.T.);
#478=ORIENTED_EDGE('',*,*,#792,.F.);
#479=ORIENTED_EDGE('',*,*,#840,.T.);
#480=ORIENTED_EDGE('',*,*,#797,.T.);
#481=ORIENTED_EDGE('',*,*,#841,.T.);
#482=ORIENTED_EDGE('',*,*,#802,.F.);
#483=ORIENTED_EDGE('',*,*,#842,.T.);
#484=ORIENTED_EDGE('',*,*,#807,.T.);
#485=ORIENTED_EDGE('',*,*,#843,.T.);
#486=ORIENTED_EDGE('',*,*,#812,.F.);
#487=ORIENTED_EDGE('',*,*,#844,.T.);
#488=ORIENTED_EDGE('',*,*,#817,.T.);
#489=ORIENTED_EDGE('',*,*,#845,.T.);
#490=ORIENTED_EDGE('',*,*,#822,.F.);
#491=ORIENTED_EDGE('',*,*,#846,.T.);
#492=ORIENTED_EDGE('',*,*,#827,.T.);
#493=ORIENTED_EDGE('',*,*,#847,.T.);
#494=ORIENTED_EDGE('',*,*,#728,.F.);
#495=ORIENTED_EDGE('',*,*,#848,.T.);
#496=ORIENTED_EDGE('',*,*,#836,.T.);
#497=ORIENTED_EDGE('',*,*,#768,.F.);
#498=ORIENTED_EDGE('',*,*,#772,.F.);
#499=ORIENTED_EDGE('',*,*,#849,.T.);
#500=ORIENTED_EDGE('',*,*,#777,.T.);
#501=ORIENTED_EDGE('',*,*,#850,.T.);
#502=ORIENTED_EDGE('',*,*,#851,.F.);
#503=ORIENTED_EDGE('',*,*,#852,.T.);
#504=ORIENTED_EDGE('',*,*,#757,.T.);
#505=ORIENTED_EDGE('',*,*,#853,.T.);
#506=ORIENTED_EDGE('',*,*,#854,.T.);
#507=ORIENTED_EDGE('',*,*,#766,.F.);
#508=ORIENTED_EDGE('',*,*,#833,.F.);
#509=ORIENTED_EDGE('',*,*,#855,.T.);
#510=ORIENTED_EDGE('',*,*,#851,.T.);
#511=ORIENTED_EDGE('',*,*,#765,.F.);
#512=ORIENTED_EDGE('',*,*,#854,.F.);
#513=ORIENTED_EDGE('',*,*,#856,.T.);
#514=ORIENTED_EDGE('',*,*,#730,.T.);
#515=ORIENTED_EDGE('',*,*,#767,.T.);
#516=ORIENTED_EDGE('',*,*,#832,.F.);
#517=ORIENTED_EDGE('',*,*,#857,.T.);
#518=ORIENTED_EDGE('',*,*,#758,.F.);
#519=ORIENTED_EDGE('',*,*,#852,.F.);
#520=ORIENTED_EDGE('',*,*,#855,.F.);
#521=ORIENTED_EDGE('',*,*,#726,.F.);
#522=ORIENTED_EDGE('',*,*,#856,.F.);
#523=ORIENTED_EDGE('',*,*,#853,.F.);
#524=ORIENTED_EDGE('',*,*,#756,.F.);
#525=ORIENTED_EDGE('',*,*,#858,.T.);
#526=ORIENTED_EDGE('',*,*,#857,.F.);
#527=ORIENTED_EDGE('',*,*,#831,.F.);
#528=ORIENTED_EDGE('',*,*,#859,.F.);
#529=ORIENTED_EDGE('',*,*,#759,.F.);
#530=ORIENTED_EDGE('',*,*,#859,.T.);
#531=ORIENTED_EDGE('',*,*,#835,.F.);
#532=ORIENTED_EDGE('',*,*,#860,.F.);
#533=ORIENTED_EDGE('',*,*,#760,.F.);
#534=ORIENTED_EDGE('',*,*,#860,.T.);
#535=ORIENTED_EDGE('',*,*,#837,.F.);
#536=ORIENTED_EDGE('',*,*,#861,.F.);
#537=ORIENTED_EDGE('',*,*,#761,.F.);
#538=ORIENTED_EDGE('',*,*,#861,.T.);
#539=ORIENTED_EDGE('',*,*,#848,.F.);
#540=ORIENTED_EDGE('',*,*,#862,.F.);
#541=ORIENTED_EDGE('',*,*,#762,.F.);
#542=ORIENTED_EDGE('',*,*,#862,.T.);
#543=ORIENTED_EDGE('',*,*,#727,.F.);
#544=ORIENTED_EDGE('',*,*,#858,.F.);
#545=ORIENTED_EDGE('',*,*,#755,.F.);
#546=ORIENTED_EDGE('',*,*,#850,.F.);
#547=ORIENTED_EDGE('',*,*,#779,.T.);
#548=ORIENTED_EDGE('',*,*,#776,.T.);
#549=ORIENTED_EDGE('',*,*,#773,.F.);
#550=ORIENTED_EDGE('',*,*,#829,.T.);
#551=ORIENTED_EDGE('',*,*,#826,.T.);
#552=ORIENTED_EDGE('',*,*,#823,.F.);
#553=ORIENTED_EDGE('',*,*,#847,.F.);
#554=ORIENTED_EDGE('',*,*,#819,.T.);
#555=ORIENTED_EDGE('',*,*,#816,.T.);
#556=ORIENTED_EDGE('',*,*,#813,.F.);
#557=ORIENTED_EDGE('',*,*,#845,.F.);
#558=ORIENTED_EDGE('',*,*,#809,.T.);
#559=ORIENTED_EDGE('',*,*,#806,.T.);
#560=ORIENTED_EDGE('',*,*,#803,.F.);
#561=ORIENTED_EDGE('',*,*,#843,.F.);
#562=ORIENTED_EDGE('',*,*,#793,.F.);
#563=ORIENTED_EDGE('',*,*,#841,.F.);
#564=ORIENTED_EDGE('',*,*,#799,.T.);
#565=ORIENTED_EDGE('',*,*,#796,.T.);
#566=ORIENTED_EDGE('',*,*,#839,.F.);
#567=ORIENTED_EDGE('',*,*,#789,.T.);
#568=ORIENTED_EDGE('',*,*,#786,.T.);
#569=ORIENTED_EDGE('',*,*,#783,.F.);
#570=ORIENTED_EDGE('',*,*,#863,.F.);
#571=ORIENTED_EDGE('',*,*,#734,.F.);
#572=ORIENTED_EDGE('',*,*,#864,.F.);
#573=ORIENTED_EDGE('',*,*,#842,.F.);
#574=ORIENTED_EDGE('',*,*,#864,.T.);
#575=ORIENTED_EDGE('',*,*,#733,.F.);
#576=ORIENTED_EDGE('',*,*,#865,.F.);
#577=ORIENTED_EDGE('',*,*,#808,.F.);
#578=ORIENTED_EDGE('',*,*,#863,.T.);
#579=ORIENTED_EDGE('',*,*,#801,.F.);
#580=ORIENTED_EDGE('',*,*,#866,.F.);
#581=ORIENTED_EDGE('',*,*,#731,.F.);
#582=ORIENTED_EDGE('',*,*,#865,.T.);
#583=ORIENTED_EDGE('',*,*,#732,.F.);
#584=ORIENTED_EDGE('',*,*,#866,.T.);
#585=ORIENTED_EDGE('',*,*,#805,.F.);
#586=ORIENTED_EDGE('',*,*,#867,.F.);
#587=ORIENTED_EDGE('',*,*,#738,.F.);
#588=ORIENTED_EDGE('',*,*,#868,.F.);
#589=ORIENTED_EDGE('',*,*,#844,.F.);
#590=ORIENTED_EDGE('',*,*,#868,.T.);
#591=ORIENTED_EDGE('',*,*,#737,.F.);
#592=ORIENTED_EDGE('',*,*,#869,.F.);
#593=ORIENTED_EDGE('',*,*,#818,.F.);
#594=ORIENTED_EDGE('',*,*,#867,.T.);
#595=ORIENTED_EDGE('',*,*,#811,.F.);
#596=ORIENTED_EDGE('',*,*,#870,.F.);
#597=ORIENTED_EDGE('',*,*,#735,.F.);
#598=ORIENTED_EDGE('',*,*,#869,.T.);
#599=ORIENTED_EDGE('',*,*,#736,.F.);
#600=ORIENTED_EDGE('',*,*,#870,.T.);
#601=ORIENTED_EDGE('',*,*,#815,.F.);
#602=ORIENTED_EDGE('',*,*,#871,.F.);
#603=ORIENTED_EDGE('',*,*,#742,.F.);
#604=ORIENTED_EDGE('',*,*,#872,.F.);
#605=ORIENTED_EDGE('',*,*,#846,.F.);
#606=ORIENTED_EDGE('',*,*,#872,.T.);
#607=ORIENTED_EDGE('',*,*,#741,.F.);
#608=ORIENTED_EDGE('',*,*,#873,.F.);
#609=ORIENTED_EDGE('',*,*,#828,.F.);
#610=ORIENTED_EDGE('',*,*,#871,.T.);
#611=ORIENTED_EDGE('',*,*,#821,.F.);
#612=ORIENTED_EDGE('',*,*,#874,.F.);
#613=ORIENTED_EDGE('',*,*,#739,.F.);
#614=ORIENTED_EDGE('',*,*,#873,.T.);
#615=ORIENTED_EDGE('',*,*,#740,.F.);
#616=ORIENTED_EDGE('',*,*,#874,.T.);
#617=ORIENTED_EDGE('',*,*,#825,.F.);
#618=ORIENTED_EDGE('',*,*,#875,.F.);
#619=ORIENTED_EDGE('',*,*,#746,.F.);
#620=ORIENTED_EDGE('',*,*,#876,.F.);
#621=ORIENTED_EDGE('',*,*,#840,.F.);
#622=ORIENTED_EDGE('',*,*,#876,.T.);
#623=ORIENTED_EDGE('',*,*,#745,.F.);
#624=ORIENTED_EDGE('',*,*,#877,.F.);
#625=ORIENTED_EDGE('',*,*,#798,.F.);
#626=ORIENTED_EDGE('',*,*,#875,.T.);
#627=ORIENTED_EDGE('',*,*,#791,.F.);
#628=ORIENTED_EDGE('',*,*,#878,.F.);
#629=ORIENTED_EDGE('',*,*,#743,.F.);
#630=ORIENTED_EDGE('',*,*,#877,.T.);
#631=ORIENTED_EDGE('',*,*,#744,.F.);
#632=ORIENTED_EDGE('',*,*,#878,.T.);
#633=ORIENTED_EDGE('',*,*,#795,.F.);
#634=ORIENTED_EDGE('',*,*,#879,.F.);
#635=ORIENTED_EDGE('',*,*,#750,.F.);
#636=ORIENTED_EDGE('',*,*,#880,.F.);
#637=ORIENTED_EDGE('',*,*,#838,.F.);
#638=ORIENTED_EDGE('',*,*,#880,.T.);
#639=ORIENTED_EDGE('',*,*,#749,.F.);
#640=ORIENTED_EDGE('',*,*,#881,.F.);
#641=ORIENTED_EDGE('',*,*,#788,.F.);
#642=ORIENTED_EDGE('',*,*,#879,.T.);
#643=ORIENTED_EDGE('',*,*,#781,.F.);
#644=ORIENTED_EDGE('',*,*,#882,.F.);
#645=ORIENTED_EDGE('',*,*,#747,.F.);
#646=ORIENTED_EDGE('',*,*,#881,.T.);
#647=ORIENTED_EDGE('',*,*,#748,.F.);
#648=ORIENTED_EDGE('',*,*,#882,.T.);
#649=ORIENTED_EDGE('',*,*,#785,.F.);
#650=ORIENTED_EDGE('',*,*,#883,.F.);
#651=ORIENTED_EDGE('',*,*,#754,.F.);
#652=ORIENTED_EDGE('',*,*,#884,.F.);
#653=ORIENTED_EDGE('',*,*,#849,.F.);
#654=ORIENTED_EDGE('',*,*,#884,.T.);
#655=ORIENTED_EDGE('',*,*,#753,.F.);
#656=ORIENTED_EDGE('',*,*,#885,.F.);
#657=ORIENTED_EDGE('',*,*,#778,.F.);
#658=ORIENTED_EDGE('',*,*,#883,.T.);
#659=ORIENTED_EDGE('',*,*,#771,.F.);
#660=ORIENTED_EDGE('',*,*,#886,.F.);
#661=ORIENTED_EDGE('',*,*,#751,.F.);
#662=ORIENTED_EDGE('',*,*,#885,.T.);
#663=ORIENTED_EDGE('',*,*,#752,.F.);
#664=ORIENTED_EDGE('',*,*,#886,.T.);
#665=ORIENTED_EDGE('',*,*,#775,.F.);
#666=ORIENTED_EDGE('',*,*,#887,.T.);
#667=ORIENTED_EDGE('',*,*,#888,.F.);
#668=ORIENTED_EDGE('',*,*,#889,.F.);
#669=ORIENTED_EDGE('',*,*,#890,.F.);
#670=ORIENTED_EDGE('',*,*,#891,.F.);
#671=ORIENTED_EDGE('',*,*,#887,.F.);
#672=ORIENTED_EDGE('',*,*,#888,.T.);
#673=ORIENTED_EDGE('',*,*,#891,.T.);
#674=ORIENTED_EDGE('',*,*,#890,.T.);
#675=ORIENTED_EDGE('',*,*,#889,.T.);
#676=ORIENTED_EDGE('',*,*,#892,.T.);
#677=ORIENTED_EDGE('',*,*,#893,.F.);
#678=ORIENTED_EDGE('',*,*,#894,.F.);
#679=ORIENTED_EDGE('',*,*,#895,.F.);
#680=ORIENTED_EDGE('',*,*,#896,.F.);
#681=ORIENTED_EDGE('',*,*,#892,.F.);
#682=ORIENTED_EDGE('',*,*,#893,.T.);
#683=ORIENTED_EDGE('',*,*,#896,.T.);
#684=ORIENTED_EDGE('',*,*,#895,.T.);
#685=ORIENTED_EDGE('',*,*,#894,.T.);
#686=ORIENTED_EDGE('',*,*,#897,.T.);
#687=ORIENTED_EDGE('',*,*,#898,.F.);
#688=ORIENTED_EDGE('',*,*,#899,.F.);
#689=ORIENTED_EDGE('',*,*,#900,.F.);
#690=ORIENTED_EDGE('',*,*,#901,.F.);
#691=ORIENTED_EDGE('',*,*,#897,.F.);
#692=ORIENTED_EDGE('',*,*,#898,.T.);
#693=ORIENTED_EDGE('',*,*,#901,.T.);
#694=ORIENTED_EDGE('',*,*,#900,.T.);
#695=ORIENTED_EDGE('',*,*,#899,.T.);
#696=ORIENTED_EDGE('',*,*,#902,.T.);
#697=ORIENTED_EDGE('',*,*,#903,.F.);
#698=ORIENTED_EDGE('',*,*,#904,.F.);
#699=ORIENTED_EDGE('',*,*,#905,.F.);
#700=ORIENTED_EDGE('',*,*,#906,.F.);
#701=ORIENTED_EDGE('',*,*,#902,.F.);
#702=ORIENTED_EDGE('',*,*,#903,.T.);
#703=ORIENTED_EDGE('',*,*,#906,.T.);
#704=ORIENTED_EDGE('',*,*,#905,.T.);
#705=ORIENTED_EDGE('',*,*,#904,.T.);
#706=ORIENTED_EDGE('',*,*,#907,.T.);
#707=ORIENTED_EDGE('',*,*,#908,.F.);
#708=ORIENTED_EDGE('',*,*,#909,.F.);
#709=ORIENTED_EDGE('',*,*,#910,.F.);
#710=ORIENTED_EDGE('',*,*,#911,.F.);
#711=ORIENTED_EDGE('',*,*,#907,.F.);
#712=ORIENTED_EDGE('',*,*,#908,.T.);
#713=ORIENTED_EDGE('',*,*,#911,.T.);
#714=ORIENTED_EDGE('',*,*,#910,.T.);
#715=ORIENTED_EDGE('',*,*,#909,.T.);
#716=ORIENTED_EDGE('',*,*,#912,.T.);
#717=ORIENTED_EDGE('',*,*,#913,.F.);
#718=ORIENTED_EDGE('',*,*,#914,.F.);
#719=ORIENTED_EDGE('',*,*,#915,.F.);
#720=ORIENTED_EDGE('',*,*,#916,.F.);
#721=ORIENTED_EDGE('',*,*,#912,.F.);
#722=ORIENTED_EDGE('',*,*,#913,.T.);
#723=ORIENTED_EDGE('',*,*,#916,.T.);
#724=ORIENTED_EDGE('',*,*,#915,.T.);
#725=ORIENTED_EDGE('',*,*,#914,.T.);
#726=EDGE_CURVE('',#917,#918,#1045,.F.);
#727=EDGE_CURVE('',#918,#919,#34,.T.);
#728=EDGE_CURVE('',#919,#920,#35,.T.);
#729=EDGE_CURVE('',#921,#920,#36,.T.);
#730=EDGE_CURVE('',#917,#921,#37,.T.);
#731=EDGE_CURVE('',#922,#923,#38,.T.);
#732=EDGE_CURVE('',#923,#924,#39,.T.);
#733=EDGE_CURVE('',#924,#925,#40,.T.);
#734=EDGE_CURVE('',#925,#922,#41,.T.);
#735=EDGE_CURVE('',#926,#927,#42,.T.);
#736=EDGE_CURVE('',#927,#928,#43,.T.);
#737=EDGE_CURVE('',#928,#929,#44,.T.);
#738=EDGE_CURVE('',#929,#926,#45,.T.);
#739=EDGE_CURVE('',#930,#931,#46,.T.);
#740=EDGE_CURVE('',#931,#932,#47,.T.);
#741=EDGE_CURVE('',#932,#933,#48,.T.);
#742=EDGE_CURVE('',#933,#930,#49,.T.);
#743=EDGE_CURVE('',#934,#935,#50,.T.);
#744=EDGE_CURVE('',#935,#936,#51,.T.);
#745=EDGE_CURVE('',#936,#937,#52,.T.);
#746=EDGE_CURVE('',#937,#934,#53,.T.);
#747=EDGE_CURVE('',#938,#939,#54,.T.);
#748=EDGE_CURVE('',#939,#940,#55,.T.);
#749=EDGE_CURVE('',#940,#941,#56,.T.);
#750=EDGE_CURVE('',#941,#938,#57,.T.);
#751=EDGE_CURVE('',#942,#943,#58,.T.);
#752=EDGE_CURVE('',#943,#944,#59,.T.);
#753=EDGE_CURVE('',#944,#945,#60,.T.);
#754=EDGE_CURVE('',#945,#942,#61,.T.);
#755=EDGE_CURVE('',#946,#947,#62,.T.);
#756=EDGE_CURVE('',#947,#948,#63,.T.);
#757=EDGE_CURVE('',#949,#948,#64,.T.);
#758=EDGE_CURVE('',#949,#950,#65,.F.);
#759=EDGE_CURVE('',#950,#951,#66,.T.);
#760=EDGE_CURVE('',#951,#952,#67,.T.);
#761=EDGE_CURVE('',#952,#953,#68,.T.);
#762=EDGE_CURVE('',#953,#946,#69,.T.);
#763=EDGE_CURVE('',#954,#955,#70,.T.);
#764=EDGE_CURVE('',#954,#956,#71,.T.);
#765=EDGE_CURVE('',#956,#957,#72,.T.);
#766=EDGE_CURVE('',#957,#958,#73,.T.);
#767=EDGE_CURVE('',#921,#958,#74,.T.);
#768=EDGE_CURVE('',#920,#959,#75,.T.);
#769=EDGE_CURVE('',#955,#959,#76,.T.);
#770=EDGE_CURVE('',#960,#961,#77,.T.);
#771=EDGE_CURVE('',#960,#962,#78,.T.);
#772=EDGE_CURVE('',#962,#963,#79,.T.);
#773=EDGE_CURVE('',#963,#961,#80,.T.);
#774=EDGE_CURVE('',#964,#965,#81,.T.);
#775=EDGE_CURVE('',#964,#960,#82,.T.);
#776=EDGE_CURVE('',#965,#961,#83,.T.);
#777=EDGE_CURVE('',#966,#967,#84,.T.);
#778=EDGE_CURVE('',#966,#964,#85,.T.);
#779=EDGE_CURVE('',#967,#965,#86,.T.);
#780=EDGE_CURVE('',#968,#969,#87,.T.);
#781=EDGE_CURVE('',#968,#970,#88,.T.);
#782=EDGE_CURVE('',#970,#971,#89,.T.);
#783=EDGE_CURVE('',#971,#969,#90,.T.);
#784=EDGE_CURVE('',#972,#973,#91,.T.);
#785=EDGE_CURVE('',#972,#968,#92,.T.);
#786=EDGE_CURVE('',#973,#969,#93,.T.);
#787=EDGE_CURVE('',#974,#975,#94,.T.);
#788=EDGE_CURVE('',#974,#972,#95,.T.);
#789=EDGE_CURVE('',#975,#973,#96,.T.);
#790=EDGE_CURVE('',#976,#977,#97,.T.);
#791=EDGE_CURVE('',#976,#978,#98,.T.);
#792=EDGE_CURVE('',#978,#979,#99,.T.);
#793=EDGE_CURVE('',#979,#977,#100,.T.);
#794=EDGE_CURVE('',#980,#981,#101,.T.);
#795=EDGE_CURVE('',#980,#976,#102,.T.);
#796=EDGE_CURVE('',#981,#977,#103,.T.);
#797=EDGE_CURVE('',#982,#983,#104,.T.);
#798=EDGE_CURVE('',#982,#980,#105,.T.);
#799=EDGE_CURVE('',#983,#981,#106,.T.);
#800=EDGE_CURVE('',#984,#985,#107,.T.);
#801=EDGE_CURVE('',#984,#986,#108,.T.);
#802=EDGE_CURVE('',#986,#987,#109,.T.);
#803=EDGE_CURVE('',#987,#985,#110,.T.);
#804=EDGE_CURVE('',#988,#989,#111,.T.);
#805=EDGE_CURVE('',#988,#984,#112,.T.);
#806=EDGE_CURVE('',#989,#985,#113,.T.);
#807=EDGE_CURVE('',#990,#991,#114,.T.);
#808=EDGE_CURVE('',#990,#988,#115,.T.);
#809=EDGE_CURVE('',#991,#989,#116,.T.);
#810=EDGE_CURVE('',#992,#993,#117,.T.);
#811=EDGE_CURVE('',#992,#994,#118,.T.);
#812=EDGE_CURVE('',#994,#995,#119,.T.);
#813=EDGE_CURVE('',#995,#993,#120,.T.);
#814=EDGE_CURVE('',#996,#997,#121,.T.);
#815=EDGE_CURVE('',#996,#992,#122,.T.);
#816=EDGE_CURVE('',#997,#993,#123,.T.);
#817=EDGE_CURVE('',#998,#999,#124,.T.);
#818=EDGE_CURVE('',#998,#996,#125,.T.);
#819=EDGE_CURVE('',#999,#997,#126,.T.);
#820=EDGE_CURVE('',#1000,#1001,#127,.T.);
#821=EDGE_CURVE('',#1000,#1002,#128,.T.);
#822=EDGE_CURVE('',#1002,#1003,#129,.T.);
#823=EDGE_CURVE('',#1003,#1001,#130,.T.);
#824=EDGE_CURVE('',#1004,#1005,#131,.T.);
#825=EDGE_CURVE('',#1004,#1000,#132,.T.);
#826=EDGE_CURVE('',#1005,#1001,#133,.T.);
#827=EDGE_CURVE('',#1006,#1007,#134,.T.);
#828=EDGE_CURVE('',#1006,#1004,#135,.T.);
#829=EDGE_CURVE('',#1007,#1005,#136,.T.);
#830=EDGE_CURVE('',#1008,#954,#137,.T.);
#831=EDGE_CURVE('',#1008,#1009,#138,.T.);
#832=EDGE_CURVE('',#1009,#1010,#1046,.F.);
#833=EDGE_CURVE('',#1010,#956,#139,.T.);
#834=EDGE_CURVE('',#1011,#955,#140,.T.);
#835=EDGE_CURVE('',#1011,#1008,#141,.T.);
#836=EDGE_CURVE('',#1012,#959,#142,.T.);
#837=EDGE_CURVE('',#1012,#1011,#143,.T.);
#838=EDGE_CURVE('',#970,#974,#144,.T.);
#839=EDGE_CURVE('',#975,#971,#145,.T.);
#840=EDGE_CURVE('',#978,#982,#146,.T.);
#841=EDGE_CURVE('',#983,#979,#147,.T.);
#842=EDGE_CURVE('',#986,#990,#148,.T.);
#843=EDGE_CURVE('',#991,#987,#149,.T.);
#844=EDGE_CURVE('',#994,#998,#150,.T.);
#845=EDGE_CURVE('',#999,#995,#151,.T.);
#846=EDGE_CURVE('',#1002,#1006,#152,.T.);
#847=EDGE_CURVE('',#1007,#1003,#153,.T.);
#848=EDGE_CURVE('',#919,#1012,#154,.T.);
#849=EDGE_CURVE('',#962,#966,#155,.T.);
#850=EDGE_CURVE('',#967,#963,#156,.T.);
#851=EDGE_CURVE('',#1013,#957,#157,.T.);
#852=EDGE_CURVE('',#1013,#949,#1047,.T.);
#853=EDGE_CURVE('',#948,#1014,#1048,.T.);
#854=EDGE_CURVE('',#1014,#958,#158,.T.);
#855=EDGE_CURVE('',#1010,#1013,#159,.T.);
#856=EDGE_CURVE('',#1014,#917,#160,.F.);
#857=EDGE_CURVE('',#1009,#950,#24,.F.);
#858=EDGE_CURVE('',#947,#918,#25,.F.);
#859=EDGE_CURVE('',#951,#1008,#161,.T.);
#860=EDGE_CURVE('',#952,#1011,#162,.F.);
#861=EDGE_CURVE('',#953,#1012,#163,.T.);
#862=EDGE_CURVE('',#946,#919,#164,.F.);
#863=EDGE_CURVE('',#922,#986,#165,.T.);
#864=EDGE_CURVE('',#990,#925,#166,.T.);
#865=EDGE_CURVE('',#988,#924,#167,.F.);
#866=EDGE_CURVE('',#923,#984,#168,.T.);
#867=EDGE_CURVE('',#926,#994,#169,.T.);
#868=EDGE_CURVE('',#998,#929,#170,.T.);
#869=EDGE_CURVE('',#996,#928,#171,.F.);
#870=EDGE_CURVE('',#927,#992,#172,.T.);
#871=EDGE_CURVE('',#930,#1002,#173,.T.);
#872=EDGE_CURVE('',#1006,#933,#174,.T.);
#873=EDGE_CURVE('',#1004,#932,#175,.F.);
#874=EDGE_CURVE('',#931,#1000,#176,.T.);
#875=EDGE_CURVE('',#934,#978,#177,.T.);
#876=EDGE_CURVE('',#982,#937,#178,.T.);
#877=EDGE_CURVE('',#980,#936,#179,.F.);
#878=EDGE_CURVE('',#935,#976,#180,.T.);
#879=EDGE_CURVE('',#938,#970,#181,.T.);
#880=EDGE_CURVE('',#974,#941,#182,.T.);
#881=EDGE_CURVE('',#972,#940,#183,.F.);
#882=EDGE_CURVE('',#939,#968,#184,.T.);
#883=EDGE_CURVE('',#942,#962,#185,.T.);
#884=EDGE_CURVE('',#966,#945,#186,.T.);
#885=EDGE_CURVE('',#964,#944,#187,.F.);
#886=EDGE_CURVE('',#943,#960,#188,.T.);
#887=EDGE_CURVE('',#1015,#1015,#1049,.T.);
#888=EDGE_CURVE('',#1016,#1017,#1050,.T.);
#889=EDGE_CURVE('',#1018,#1016,#1051,.T.);
#890=EDGE_CURVE('',#1019,#1018,#1052,.T.);
#891=EDGE_CURVE('',#1017,#1019,#1053,.T.);
#892=EDGE_CURVE('',#1020,#1020,#1054,.T.);
#893=EDGE_CURVE('',#1021,#1022,#1055,.T.);
#894=EDGE_CURVE('',#1023,#1021,#1056,.T.);
#895=EDGE_CURVE('',#1024,#1023,#1057,.T.);
#896=EDGE_CURVE('',#1022,#1024,#1058,.T.);
#897=EDGE_CURVE('',#1025,#1025,#1059,.T.);
#898=EDGE_CURVE('',#1026,#1027,#1060,.T.);
#899=EDGE_CURVE('',#1028,#1026,#1061,.T.);
#900=EDGE_CURVE('',#1029,#1028,#1062,.T.);
#901=EDGE_CURVE('',#1027,#1029,#1063,.T.);
#902=EDGE_CURVE('',#1030,#1030,#1064,.T.);
#903=EDGE_CURVE('',#1031,#1032,#1065,.T.);
#904=EDGE_CURVE('',#1033,#1031,#1066,.T.);
#905=EDGE_CURVE('',#1034,#1033,#1067,.T.);
#906=EDGE_CURVE('',#1032,#1034,#1068,.T.);
#907=EDGE_CURVE('',#1035,#1035,#1069,.T.);
#908=EDGE_CURVE('',#1036,#1037,#1070,.T.);
#909=EDGE_CURVE('',#1038,#1036,#1071,.T.);
#910=EDGE_CURVE('',#1039,#1038,#1072,.T.);
#911=EDGE_CURVE('',#1037,#1039,#1073,.T.);
#912=EDGE_CURVE('',#1040,#1040,#1074,.T.);
#913=EDGE_CURVE('',#1041,#1042,#1075,.T.);
#914=EDGE_CURVE('',#1043,#1041,#1076,.T.);
#915=EDGE_CURVE('',#1044,#1043,#1077,.T.);
#916=EDGE_CURVE('',#1042,#1044,#1078,.T.);
#917=VERTEX_POINT('',#2084);
#918=VERTEX_POINT('',#2085);
#919=VERTEX_POINT('',#2087);
#920=VERTEX_POINT('',#2089);
#921=VERTEX_POINT('',#2091);
#922=VERTEX_POINT('',#2095);
#923=VERTEX_POINT('',#2096);
#924=VERTEX_POINT('',#2098);
#925=VERTEX_POINT('',#2100);
#926=VERTEX_POINT('',#2103);
#927=VERTEX_POINT('',#2104);
#928=VERTEX_POINT('',#2106);
#929=VERTEX_POINT('',#2108);
#930=VERTEX_POINT('',#2111);
#931=VERTEX_POINT('',#2112);
#932=VERTEX_POINT('',#2114);
#933=VERTEX_POINT('',#2116);
#934=VERTEX_POINT('',#2119);
#935=VERTEX_POINT('',#2120);
#936=VERTEX_POINT('',#2122);
#937=VERTEX_POINT('',#2124);
#938=VERTEX_POINT('',#2127);
#939=VERTEX_POINT('',#2128);
#940=VERTEX_POINT('',#2130);
#941=VERTEX_POINT('',#2132);
#942=VERTEX_POINT('',#2135);
#943=VERTEX_POINT('',#2136);
#944=VERTEX_POINT('',#2138);
#945=VERTEX_POINT('',#2140);
#946=VERTEX_POINT('',#2143);
#947=VERTEX_POINT('',#2144);
#948=VERTEX_POINT('',#2146);
#949=VERTEX_POINT('',#2148);
#950=VERTEX_POINT('',#2150);
#951=VERTEX_POINT('',#2152);
#952=VERTEX_POINT('',#2154);
#953=VERTEX_POINT('',#2156);
#954=VERTEX_POINT('',#2160);
#955=VERTEX_POINT('',#2161);
#956=VERTEX_POINT('',#2163);
#957=VERTEX_POINT('',#2165);
#958=VERTEX_POINT('',#2167);
#959=VERTEX_POINT('',#2170);
#960=VERTEX_POINT('',#2174);
#961=VERTEX_POINT('',#2175);
#962=VERTEX_POINT('',#2177);
#963=VERTEX_POINT('',#2179);
#964=VERTEX_POINT('',#2183);
#965=VERTEX_POINT('',#2184);
#966=VERTEX_POINT('',#2189);
#967=VERTEX_POINT('',#2190);
#968=VERTEX_POINT('',#2195);
#969=VERTEX_POINT('',#2196);
#970=VERTEX_POINT('',#2198);
#971=VERTEX_POINT('',#2200);
#972=VERTEX_POINT('',#2204);
#973=VERTEX_POINT('',#2205);
#974=VERTEX_POINT('',#2210);
#975=VERTEX_POINT('',#2211);
#976=VERTEX_POINT('',#2216);
#977=VERTEX_POINT('',#2217);
#978=VERTEX_POINT('',#2219);
#979=VERTEX_POINT('',#2221);
#980=VERTEX_POINT('',#2225);
#981=VERTEX_POINT('',#2226);
#982=VERTEX_POINT('',#2231);
#983=VERTEX_POINT('',#2232);
#984=VERTEX_POINT('',#2237);
#985=VERTEX_POINT('',#2238);
#986=VERTEX_POINT('',#2240);
#987=VERTEX_POINT('',#2242);
#988=VERTEX_POINT('',#2246);
#989=VERTEX_POINT('',#2247);
#990=VERTEX_POINT('',#2252);
#991=VERTEX_POINT('',#2253);
#992=VERTEX_POINT('',#2258);
#993=VERTEX_POINT('',#2259);
#994=VERTEX_POINT('',#2261);
#995=VERTEX_POINT('',#2263);
#996=VERTEX_POINT('',#2267);
#997=VERTEX_POINT('',#2268);
#998=VERTEX_POINT('',#2273);
#999=VERTEX_POINT('',#2274);
#1000=VERTEX_POINT('',#2279);
#1001=VERTEX_POINT('',#2280);
#1002=VERTEX_POINT('',#2282);
#1003=VERTEX_POINT('',#2284);
#1004=VERTEX_POINT('',#2288);
#1005=VERTEX_POINT('',#2289);
#1006=VERTEX_POINT('',#2294);
#1007=VERTEX_POINT('',#2295);
#1008=VERTEX_POINT('',#2300);
#1009=VERTEX_POINT('',#2302);
#1010=VERTEX_POINT('',#2304);
#1011=VERTEX_POINT('',#2308);
#1012=VERTEX_POINT('',#2312);
#1013=VERTEX_POINT('',#2336);
#1014=VERTEX_POINT('',#2339);
#1015=VERTEX_POINT('',#2415);
#1016=VERTEX_POINT('',#2417);
#1017=VERTEX_POINT('',#2418);
#1018=VERTEX_POINT('',#2420);
#1019=VERTEX_POINT('',#2422);
#1020=VERTEX_POINT('',#2429);
#1021=VERTEX_POINT('',#2431);
#1022=VERTEX_POINT('',#2432);
#1023=VERTEX_POINT('',#2434);
#1024=VERTEX_POINT('',#2436);
#1025=VERTEX_POINT('',#2443);
#1026=VERTEX_POINT('',#2445);
#1027=VERTEX_POINT('',#2446);
#1028=VERTEX_POINT('',#2448);
#1029=VERTEX_POINT('',#2450);
#1030=VERTEX_POINT('',#2457);
#1031=VERTEX_POINT('',#2459);
#1032=VERTEX_POINT('',#2460);
#1033=VERTEX_POINT('',#2462);
#1034=VERTEX_POINT('',#2464);
#1035=VERTEX_POINT('',#2471);
#1036=VERTEX_POINT('',#2473);
#1037=VERTEX_POINT('',#2474);
#1038=VERTEX_POINT('',#2476);
#1039=VERTEX_POINT('',#2478);
#1040=VERTEX_POINT('',#2485);
#1041=VERTEX_POINT('',#2487);
#1042=VERTEX_POINT('',#2488);
#1043=VERTEX_POINT('',#2490);
#1044=VERTEX_POINT('',#2492);
#1045=CIRCLE('',#1532,0.0015);
#1046=CIRCLE('',#1554,0.0015);
#1047=CIRCLE('',#1565,0.0015);
#1048=CIRCLE('',#1566,0.0015);
#1049=CIRCLE('',#1610,0.00035);
#1050=CIRCLE('',#1611,0.00035);
#1051=CIRCLE('',#1612,0.00035);
#1052=CIRCLE('',#1613,0.00035);
#1053=CIRCLE('',#1614,0.00035);
#1054=CIRCLE('',#1619,0.00035);
#1055=CIRCLE('',#1620,0.00035);
#1056=CIRCLE('',#1621,0.00035);
#1057=CIRCLE('',#1622,0.00035);
#1058=CIRCLE('',#1623,0.00035);
#1059=CIRCLE('',#1628,0.00035);
#1060=CIRCLE('',#1629,0.00035);
#1061=CIRCLE('',#1630,0.00035);
#1062=CIRCLE('',#1631,0.00035);
#1063=CIRCLE('',#1632,0.00035);
#1064=CIRCLE('',#1637,0.00035);
#1065=CIRCLE('',#1638,0.00035);
#1066=CIRCLE('',#1639,0.00035);
#1067=CIRCLE('',#1640,0.00035);
#1068=CIRCLE('',#1641,0.00035);
#1069=CIRCLE('',#1646,0.00035);
#1070=CIRCLE('',#1647,0.00035);
#1071=CIRCLE('',#1648,0.00035);
#1072=CIRCLE('',#1649,0.00035);
#1073=CIRCLE('',#1650,0.00035);
#1074=CIRCLE('',#1655,0.00035);
#1075=CIRCLE('',#1656,0.00035);
#1076=CIRCLE('',#1657,0.00035);
#1077=CIRCLE('',#1658,0.00035);
#1078=CIRCLE('',#1659,0.00035);
#1079=EDGE_LOOP('',(#344,#345,#346,#347,#348));
#1080=EDGE_LOOP('',(#349,#350,#351,#352));
#1081=EDGE_LOOP('',(#353,#354,#355,#356));
#1082=EDGE_LOOP('',(#357,#358,#359,#360));
#1083=EDGE_LOOP('',(#361,#362,#363,#364));
#1084=EDGE_LOOP('',(#365,#366,#367,#368));
#1085=EDGE_LOOP('',(#369,#370,#371,#372));
#1086=EDGE_LOOP('',(#373,#374,#375,#376,#377,#378,#379,#380));
#1087=EDGE_LOOP('',(#381,#382,#383,#384,#385,#386,#387,#388));
#1088=EDGE_LOOP('',(#389,#390,#391,#392));
#1089=EDGE_LOOP('',(#393,#394,#395,#396));
#1090=EDGE_LOOP('',(#397,#398,#399,#400));
#1091=EDGE_LOOP('',(#401,#402,#403,#404));
#1092=EDGE_LOOP('',(#405,#406,#407,#408));
#1093=EDGE_LOOP('',(#409,#410,#411,#412));
#1094=EDGE_LOOP('',(#413,#414,#415,#416));
#1095=EDGE_LOOP('',(#417,#418,#419,#420));
#1096=EDGE_LOOP('',(#421,#422,#423,#424));
#1097=EDGE_LOOP('',(#425,#426,#427,#428));
#1098=EDGE_LOOP('',(#429,#430,#431,#432));
#1099=EDGE_LOOP('',(#433,#434,#435,#436));
#1100=EDGE_LOOP('',(#437,#438,#439,#440));
#1101=EDGE_LOOP('',(#441,#442,#443,#444));
#1102=EDGE_LOOP('',(#445,#446,#447,#448));
#1103=EDGE_LOOP('',(#449,#450,#451,#452));
#1104=EDGE_LOOP('',(#453,#454,#455,#456));
#1105=EDGE_LOOP('',(#457,#458,#459,#460));
#1106=EDGE_LOOP('',(#461,#462,#463,#464,#465));
#1107=EDGE_LOOP('',(#466,#467,#468,#469));
#1108=EDGE_LOOP('',(#470,#471,#472,#473));
#1109=EDGE_LOOP('',(#474,#475,#476,#477));
#1110=EDGE_LOOP('',(#478,#479,#480,#481));
#1111=EDGE_LOOP('',(#482,#483,#484,#485));
#1112=EDGE_LOOP('',(#486,#487,#488,#489));
#1113=EDGE_LOOP('',(#490,#491,#492,#493));
#1114=EDGE_LOOP('',(#494,#495,#496,#497));
#1115=EDGE_LOOP('',(#498,#499,#500,#501));
#1116=EDGE_LOOP('',(#502,#503,#504,#505,#506,#507));
#1117=EDGE_LOOP('',(#508,#509,#510,#511));
#1118=EDGE_LOOP('',(#512,#513,#514,#515));
#1119=EDGE_LOOP('',(#516,#517,#518,#519,#520));
#1120=EDGE_LOOP('',(#521,#522,#523,#524,#525));
#1121=EDGE_LOOP('',(#526,#527,#528,#529));
#1122=EDGE_LOOP('',(#530,#531,#532,#533));
#1123=EDGE_LOOP('',(#534,#535,#536,#537));
#1124=EDGE_LOOP('',(#538,#539,#540,#541));
#1125=EDGE_LOOP('',(#542,#543,#544,#545));
#1126=EDGE_LOOP('',(#546,#547,#548,#549));
#1127=EDGE_LOOP('',(#550,#551,#552,#553));
#1128=EDGE_LOOP('',(#554,#555,#556,#557));
#1129=EDGE_LOOP('',(#558,#559,#560,#561));
#1130=EDGE_LOOP('',(#562,#563,#564,#565));
#1131=EDGE_LOOP('',(#566,#567,#568,#569));
#1132=EDGE_LOOP('',(#570,#571,#572,#573));
#1133=EDGE_LOOP('',(#574,#575,#576,#577));
#1134=EDGE_LOOP('',(#578,#579,#580,#581));
#1135=EDGE_LOOP('',(#582,#583,#584,#585));
#1136=EDGE_LOOP('',(#586,#587,#588,#589));
#1137=EDGE_LOOP('',(#590,#591,#592,#593));
#1138=EDGE_LOOP('',(#594,#595,#596,#597));
#1139=EDGE_LOOP('',(#598,#599,#600,#601));
#1140=EDGE_LOOP('',(#602,#603,#604,#605));
#1141=EDGE_LOOP('',(#606,#607,#608,#609));
#1142=EDGE_LOOP('',(#610,#611,#612,#613));
#1143=EDGE_LOOP('',(#614,#615,#616,#617));
#1144=EDGE_LOOP('',(#618,#619,#620,#621));
#1145=EDGE_LOOP('',(#622,#623,#624,#625));
#1146=EDGE_LOOP('',(#626,#627,#628,#629));
#1147=EDGE_LOOP('',(#630,#631,#632,#633));
#1148=EDGE_LOOP('',(#634,#635,#636,#637));
#1149=EDGE_LOOP('',(#638,#639,#640,#641));
#1150=EDGE_LOOP('',(#642,#643,#644,#645));
#1151=EDGE_LOOP('',(#646,#647,#648,#649));
#1152=EDGE_LOOP('',(#650,#651,#652,#653));
#1153=EDGE_LOOP('',(#654,#655,#656,#657));
#1154=EDGE_LOOP('',(#658,#659,#660,#661));
#1155=EDGE_LOOP('',(#662,#663,#664,#665));
#1156=EDGE_LOOP('',(#666));
#1157=EDGE_LOOP('',(#667,#668,#669,#670));
#1158=EDGE_LOOP('',(#671));
#1159=EDGE_LOOP('',(#672,#673,#674,#675));
#1160=EDGE_LOOP('',(#676));
#1161=EDGE_LOOP('',(#677,#678,#679,#680));
#1162=EDGE_LOOP('',(#681));
#1163=EDGE_LOOP('',(#682,#683,#684,#685));
#1164=EDGE_LOOP('',(#686));
#1165=EDGE_LOOP('',(#687,#688,#689,#690));
#1166=EDGE_LOOP('',(#691));
#1167=EDGE_LOOP('',(#692,#693,#694,#695));
#1168=EDGE_LOOP('',(#696));
#1169=EDGE_LOOP('',(#697,#698,#699,#700));
#1170=EDGE_LOOP('',(#701));
#1171=EDGE_LOOP('',(#702,#703,#704,#705));
#1172=EDGE_LOOP('',(#706));
#1173=EDGE_LOOP('',(#707,#708,#709,#710));
#1174=EDGE_LOOP('',(#711));
#1175=EDGE_LOOP('',(#712,#713,#714,#715));
#1176=EDGE_LOOP('',(#716));
#1177=EDGE_LOOP('',(#717,#718,#719,#720));
#1178=EDGE_LOOP('',(#721));
#1179=EDGE_LOOP('',(#722,#723,#724,#725));
#1180=FACE_BOUND('',#1079,.T.);
#1181=FACE_BOUND('',#1080,.T.);
#1182=FACE_BOUND('',#1081,.T.);
#1183=FACE_BOUND('',#1082,.T.);
#1184=FACE_BOUND('',#1083,.T.);
#1185=FACE_BOUND('',#1084,.T.);
#1186=FACE_BOUND('',#1085,.T.);
#1187=FACE_BOUND('',#1086,.T.);
#1188=FACE_BOUND('',#1087,.T.);
#1189=FACE_BOUND('',#1088,.T.);
#1190=FACE_BOUND('',#1089,.T.);
#1191=FACE_BOUND('',#1090,.T.);
#1192=FACE_BOUND('',#1091,.T.);
#1193=FACE_BOUND('',#1092,.T.);
#1194=FACE_BOUND('',#1093,.T.);
#1195=FACE_BOUND('',#1094,.T.);
#1196=FACE_BOUND('',#1095,.T.);
#1197=FACE_BOUND('',#1096,.T.);
#1198=FACE_BOUND('',#1097,.T.);
#1199=FACE_BOUND('',#1098,.T.);
#1200=FACE_BOUND('',#1099,.T.);
#1201=FACE_BOUND('',#1100,.T.);
#1202=FACE_BOUND('',#1101,.T.);
#1203=FACE_BOUND('',#1102,.T.);
#1204=FACE_BOUND('',#1103,.T.);
#1205=FACE_BOUND('',#1104,.T.);
#1206=FACE_BOUND('',#1105,.T.);
#1207=FACE_BOUND('',#1106,.T.);
#1208=FACE_BOUND('',#1107,.T.);
#1209=FACE_BOUND('',#1108,.T.);
#1210=FACE_BOUND('',#1109,.T.);
#1211=FACE_BOUND('',#1110,.T.);
#1212=FACE_BOUND('',#1111,.T.);
#1213=FACE_BOUND('',#1112,.T.);
#1214=FACE_BOUND('',#1113,.T.);
#1215=FACE_BOUND('',#1114,.T.);
#1216=FACE_BOUND('',#1115,.T.);
#1217=FACE_BOUND('',#1116,.T.);
#1218=FACE_BOUND('',#1117,.T.);
#1219=FACE_BOUND('',#1118,.T.);
#1220=FACE_BOUND('',#1119,.T.);
#1221=FACE_BOUND('',#1120,.T.);
#1222=FACE_BOUND('',#1121,.T.);
#1223=FACE_BOUND('',#1122,.T.);
#1224=FACE_BOUND('',#1123,.T.);
#1225=FACE_BOUND('',#1124,.T.);
#1226=FACE_BOUND('',#1125,.T.);
#1227=FACE_BOUND('',#1126,.T.);
#1228=FACE_BOUND('',#1127,.T.);
#1229=FACE_BOUND('',#1128,.T.);
#1230=FACE_BOUND('',#1129,.T.);
#1231=FACE_BOUND('',#1130,.T.);
#1232=FACE_BOUND('',#1131,.T.);
#1233=FACE_BOUND('',#1132,.T.);
#1234=FACE_BOUND('',#1133,.T.);
#1235=FACE_BOUND('',#1134,.T.);
#1236=FACE_BOUND('',#1135,.T.);
#1237=FACE_BOUND('',#1136,.T.);
#1238=FACE_BOUND('',#1137,.T.);
#1239=FACE_BOUND('',#1138,.T.);
#1240=FACE_BOUND('',#1139,.T.);
#1241=FACE_BOUND('',#1140,.T.);
#1242=FACE_BOUND('',#1141,.T.);
#1243=FACE_BOUND('',#1142,.T.);
#1244=FACE_BOUND('',#1143,.T.);
#1245=FACE_BOUND('',#1144,.T.);
#1246=FACE_BOUND('',#1145,.T.);
#1247=FACE_BOUND('',#1146,.T.);
#1248=FACE_BOUND('',#1147,.T.);
#1249=FACE_BOUND('',#1148,.T.);
#1250=FACE_BOUND('',#1149,.T.);
#1251=FACE_BOUND('',#1150,.T.);
#1252=FACE_BOUND('',#1151,.T.);
#1253=FACE_BOUND('',#1152,.T.);
#1254=FACE_BOUND('',#1153,.T.);
#1255=FACE_BOUND('',#1154,.T.);
#1256=FACE_BOUND('',#1155,.T.);
#1257=FACE_BOUND('',#1156,.T.);
#1258=FACE_BOUND('',#1157,.T.);
#1259=FACE_BOUND('',#1158,.T.);
#1260=FACE_BOUND('',#1159,.T.);
#1261=FACE_BOUND('',#1160,.T.);
#1262=FACE_BOUND('',#1161,.T.);
#1263=FACE_BOUND('',#1162,.T.);
#1264=FACE_BOUND('',#1163,.T.);
#1265=FACE_BOUND('',#1164,.T.);
#1266=FACE_BOUND('',#1165,.T.);
#1267=FACE_BOUND('',#1166,.T.);
#1268=FACE_BOUND('',#1167,.T.);
#1269=FACE_BOUND('',#1168,.T.);
#1270=FACE_BOUND('',#1169,.T.);
#1271=FACE_BOUND('',#1170,.T.);
#1272=FACE_BOUND('',#1171,.T.);
#1273=FACE_BOUND('',#1172,.T.);
#1274=FACE_BOUND('',#1173,.T.);
#1275=FACE_BOUND('',#1174,.T.);
#1276=FACE_BOUND('',#1175,.T.);
#1277=FACE_BOUND('',#1176,.T.);
#1278=FACE_BOUND('',#1177,.T.);
#1279=FACE_BOUND('',#1178,.T.);
#1280=FACE_BOUND('',#1179,.T.);
#1281=PLANE('',#1531);
#1282=PLANE('',#1533);
#1283=PLANE('',#1534);
#1284=PLANE('',#1535);
#1285=PLANE('',#1536);
#1286=PLANE('',#1537);
#1287=PLANE('',#1538);
#1288=PLANE('',#1539);
#1289=PLANE('',#1540);
#1290=PLANE('',#1541);
#1291=PLANE('',#1542);
#1292=PLANE('',#1543);
#1293=PLANE('',#1544);
#1294=PLANE('',#1545);
#1295=PLANE('',#1546);
#1296=PLANE('',#1547);
#1297=PLANE('',#1548);
#1298=PLANE('',#1549);
#1299=PLANE('',#1550);
#1300=PLANE('',#1551);
#1301=PLANE('',#1552);
#1302=PLANE('',#1553);
#1303=PLANE('',#1555);
#1304=PLANE('',#1556);
#1305=PLANE('',#1557);
#1306=PLANE('',#1558);
#1307=PLANE('',#1559);
#1308=PLANE('',#1560);
#1309=PLANE('',#1561);
#1310=PLANE('',#1562);
#1311=PLANE('',#1563);
#1312=PLANE('',#1564);
#1313=PLANE('',#1567);
#1314=PLANE('',#1568);
#1315=PLANE('',#1573);
#1316=PLANE('',#1574);
#1317=PLANE('',#1575);
#1318=PLANE('',#1576);
#1319=PLANE('',#1577);
#1320=PLANE('',#1578);
#1321=PLANE('',#1579);
#1322=PLANE('',#1580);
#1323=PLANE('',#1581);
#1324=PLANE('',#1582);
#1325=PLANE('',#1583);
#1326=PLANE('',#1584);
#1327=PLANE('',#1585);
#1328=PLANE('',#1586);
#1329=PLANE('',#1587);
#1330=PLANE('',#1588);
#1331=PLANE('',#1589);
#1332=PLANE('',#1590);
#1333=PLANE('',#1591);
#1334=PLANE('',#1592);
#1335=PLANE('',#1593);
#1336=PLANE('',#1594);
#1337=PLANE('',#1595);
#1338=PLANE('',#1596);
#1339=PLANE('',#1597);
#1340=PLANE('',#1598);
#1341=PLANE('',#1599);
#1342=PLANE('',#1600);
#1343=PLANE('',#1601);
#1344=PLANE('',#1602);
#1345=PLANE('',#1603);
#1346=PLANE('',#1604);
#1347=PLANE('',#1605);
#1348=PLANE('',#1606);
#1349=PLANE('',#1607);
#1350=PLANE('',#1615);
#1351=PLANE('',#1616);
#1352=PLANE('',#1624);
#1353=PLANE('',#1625);
#1354=PLANE('',#1633);
#1355=PLANE('',#1634);
#1356=PLANE('',#1642);
#1357=PLANE('',#1643);
#1358=PLANE('',#1651);
#1359=PLANE('',#1652);
#1360=PLANE('',#1660);
#1361=PLANE('',#1661);
#1362=ADVANCED_FACE('',(#1180),#1281,.T.);
#1363=ADVANCED_FACE('',(#1181,#1182,#1183,#1184,#1185,#1186,#1187),#1282,
 .T.);
#1364=ADVANCED_FACE('',(#1188),#1283,.F.);
#1365=ADVANCED_FACE('',(#1189),#1284,.F.);
#1366=ADVANCED_FACE('',(#1190),#1285,.T.);
#1367=ADVANCED_FACE('',(#1191),#1286,.T.);
#1368=ADVANCED_FACE('',(#1192),#1287,.F.);
#1369=ADVANCED_FACE('',(#1193),#1288,.T.);
#1370=ADVANCED_FACE('',(#1194),#1289,.T.);
#1371=ADVANCED_FACE('',(#1195),#1290,.F.);
#1372=ADVANCED_FACE('',(#1196),#1291,.T.);
#1373=ADVANCED_FACE('',(#1197),#1292,.T.);
#1374=ADVANCED_FACE('',(#1198),#1293,.F.);
#1375=ADVANCED_FACE('',(#1199),#1294,.T.);
#1376=ADVANCED_FACE('',(#1200),#1295,.T.);
#1377=ADVANCED_FACE('',(#1201),#1296,.F.);
#1378=ADVANCED_FACE('',(#1202),#1297,.T.);
#1379=ADVANCED_FACE('',(#1203),#1298,.T.);
#1380=ADVANCED_FACE('',(#1204),#1299,.F.);
#1381=ADVANCED_FACE('',(#1205),#1300,.T.);
#1382=ADVANCED_FACE('',(#1206),#1301,.T.);
#1383=ADVANCED_FACE('',(#1207),#1302,.T.);
#1384=ADVANCED_FACE('',(#1208),#1303,.F.);
#1385=ADVANCED_FACE('',(#1209),#1304,.F.);
#1386=ADVANCED_FACE('',(#1210),#1305,.F.);
#1387=ADVANCED_FACE('',(#1211),#1306,.F.);
#1388=ADVANCED_FACE('',(#1212),#1307,.F.);
#1389=ADVANCED_FACE('',(#1213),#1308,.F.);
#1390=ADVANCED_FACE('',(#1214),#1309,.F.);
#1391=ADVANCED_FACE('',(#1215),#1310,.T.);
#1392=ADVANCED_FACE('',(#1216),#1311,.F.);
#1393=ADVANCED_FACE('',(#1217),#1312,.T.);
#1394=ADVANCED_FACE('',(#1218),#1313,.T.);
#1395=ADVANCED_FACE('',(#1219),#1314,.F.);
#1396=ADVANCED_FACE('',(#1220),#26,.T.);
#1397=ADVANCED_FACE('',(#1221),#27,.T.);
#1398=ADVANCED_FACE('',(#1222),#1315,.F.);
#1399=ADVANCED_FACE('',(#1223),#1316,.T.);
#1400=ADVANCED_FACE('',(#1224),#1317,.T.);
#1401=ADVANCED_FACE('',(#1225),#1318,.F.);
#1402=ADVANCED_FACE('',(#1226),#1319,.F.);
#1403=ADVANCED_FACE('',(#1227),#1320,.T.);
#1404=ADVANCED_FACE('',(#1228),#1321,.T.);
#1405=ADVANCED_FACE('',(#1229),#1322,.T.);
#1406=ADVANCED_FACE('',(#1230),#1323,.T.);
#1407=ADVANCED_FACE('',(#1231),#1324,.T.);
#1408=ADVANCED_FACE('',(#1232),#1325,.T.);
#1409=ADVANCED_FACE('',(#1233),#1326,.T.);
#1410=ADVANCED_FACE('',(#1234),#1327,.F.);
#1411=ADVANCED_FACE('',(#1235),#1328,.T.);
#1412=ADVANCED_FACE('',(#1236),#1329,.F.);
#1413=ADVANCED_FACE('',(#1237),#1330,.T.);
#1414=ADVANCED_FACE('',(#1238),#1331,.F.);
#1415=ADVANCED_FACE('',(#1239),#1332,.T.);
#1416=ADVANCED_FACE('',(#1240),#1333,.F.);
#1417=ADVANCED_FACE('',(#1241),#1334,.T.);
#1418=ADVANCED_FACE('',(#1242),#1335,.F.);
#1419=ADVANCED_FACE('',(#1243),#1336,.T.);
#1420=ADVANCED_FACE('',(#1244),#1337,.F.);
#1421=ADVANCED_FACE('',(#1245),#1338,.T.);
#1422=ADVANCED_FACE('',(#1246),#1339,.F.);
#1423=ADVANCED_FACE('',(#1247),#1340,.T.);
#1424=ADVANCED_FACE('',(#1248),#1341,.F.);
#1425=ADVANCED_FACE('',(#1249),#1342,.T.);
#1426=ADVANCED_FACE('',(#1250),#1343,.F.);
#1427=ADVANCED_FACE('',(#1251),#1344,.T.);
#1428=ADVANCED_FACE('',(#1252),#1345,.F.);
#1429=ADVANCED_FACE('',(#1253),#1346,.T.);
#1430=ADVANCED_FACE('',(#1254),#1347,.F.);
#1431=ADVANCED_FACE('',(#1255),#1348,.T.);
#1432=ADVANCED_FACE('',(#1256),#1349,.F.);
#1433=ADVANCED_FACE('',(#1257,#1258),#28,.T.);
#1434=ADVANCED_FACE('',(#1259),#1350,.F.);
#1435=ADVANCED_FACE('',(#1260),#1351,.T.);
#1436=ADVANCED_FACE('',(#1261,#1262),#29,.T.);
#1437=ADVANCED_FACE('',(#1263),#1352,.F.);
#1438=ADVANCED_FACE('',(#1264),#1353,.T.);
#1439=ADVANCED_FACE('',(#1265,#1266),#30,.T.);
#1440=ADVANCED_FACE('',(#1267),#1354,.F.);
#1441=ADVANCED_FACE('',(#1268),#1355,.T.);
#1442=ADVANCED_FACE('',(#1269,#1270),#31,.T.);
#1443=ADVANCED_FACE('',(#1271),#1356,.F.);
#1444=ADVANCED_FACE('',(#1272),#1357,.T.);
#1445=ADVANCED_FACE('',(#1273,#1274),#32,.T.);
#1446=ADVANCED_FACE('',(#1275),#1358,.F.);
#1447=ADVANCED_FACE('',(#1276),#1359,.T.);
#1448=ADVANCED_FACE('',(#1277,#1278),#33,.T.);
#1449=ADVANCED_FACE('',(#1279),#1360,.F.);
#1450=ADVANCED_FACE('',(#1280),#1361,.T.);
#1451=CLOSED_SHELL('',(#1362,#1363,#1364,#1365,#1366,#1367,#1368,#1369,
#1370,#1371,#1372,#1373,#1374,#1375,#1376,#1377,#1378,#1379,#1380,#1381,
#1382,#1383,#1384,#1385,#1386,#1387,#1388,#1389,#1390,#1391,#1392,#1393,
#1394,#1395,#1396,#1397,#1398,#1399,#1400,#1401,#1402,#1403,#1404,#1405,
#1406,#1407,#1408,#1409,#1410,#1411,#1412,#1413,#1414,#1415,#1416,#1417,
#1418,#1419,#1420,#1421,#1422,#1423,#1424,#1425,#1426,#1427,#1428,#1429,
#1430,#1431,#1432));
#1452=CLOSED_SHELL('',(#1433,#1434,#1435));
#1453=CLOSED_SHELL('',(#1436,#1437,#1438));
#1454=CLOSED_SHELL('',(#1439,#1440,#1441));
#1455=CLOSED_SHELL('',(#1442,#1443,#1444));
#1456=CLOSED_SHELL('',(#1445,#1446,#1447));
#1457=CLOSED_SHELL('',(#1448,#1449,#1450));
#1458=STYLED_ITEM('',(#1465),#1509);
#1459=STYLED_ITEM('',(#1466),#1510);
#1460=STYLED_ITEM('',(#1467),#1511);
#1461=STYLED_ITEM('',(#1468),#1512);
#1462=STYLED_ITEM('',(#1469),#1513);
#1463=STYLED_ITEM('',(#1470),#1514);
#1464=STYLED_ITEM('',(#1471),#1515);
#1465=PRESENTATION_STYLE_ASSIGNMENT((#1472));
#1466=PRESENTATION_STYLE_ASSIGNMENT((#1473));
#1467=PRESENTATION_STYLE_ASSIGNMENT((#1474));
#1468=PRESENTATION_STYLE_ASSIGNMENT((#1475));
#1469=PRESENTATION_STYLE_ASSIGNMENT((#1476));
#1470=PRESENTATION_STYLE_ASSIGNMENT((#1477));
#1471=PRESENTATION_STYLE_ASSIGNMENT((#1478));
#1472=SURFACE_STYLE_USAGE(.BOTH.,#1479);
#1473=SURFACE_STYLE_USAGE(.BOTH.,#1480);
#1474=SURFACE_STYLE_USAGE(.BOTH.,#1481);
#1475=SURFACE_STYLE_USAGE(.BOTH.,#1482);
#1476=SURFACE_STYLE_USAGE(.BOTH.,#1483);
#1477=SURFACE_STYLE_USAGE(.BOTH.,#1484);
#1478=SURFACE_STYLE_USAGE(.BOTH.,#1485);
#1479=SURFACE_SIDE_STYLE('',(#1486));
#1480=SURFACE_SIDE_STYLE('',(#1487));
#1481=SURFACE_SIDE_STYLE('',(#1488));
#1482=SURFACE_SIDE_STYLE('',(#1489));
#1483=SURFACE_SIDE_STYLE('',(#1490));
#1484=SURFACE_SIDE_STYLE('',(#1491));
#1485=SURFACE_SIDE_STYLE('',(#1492));
#1486=SURFACE_STYLE_FILL_AREA(#1493);
#1487=SURFACE_STYLE_FILL_AREA(#1494);
#1488=SURFACE_STYLE_FILL_AREA(#1495);
#1489=SURFACE_STYLE_FILL_AREA(#1496);
#1490=SURFACE_STYLE_FILL_AREA(#1497);
#1491=SURFACE_STYLE_FILL_AREA(#1498);
#1492=SURFACE_STYLE_FILL_AREA(#1499);
#1493=FILL_AREA_STYLE('',(#1500));
#1494=FILL_AREA_STYLE('',(#1501));
#1495=FILL_AREA_STYLE('',(#1502));
#1496=FILL_AREA_STYLE('',(#1503));
#1497=FILL_AREA_STYLE('',(#1504));
#1498=FILL_AREA_STYLE('',(#1505));
#1499=FILL_AREA_STYLE('',(#1506));
#1500=FILL_AREA_STYLE_COLOUR('',#1507);
#1501=FILL_AREA_STYLE_COLOUR('',#1508);
#1502=FILL_AREA_STYLE_COLOUR('',#1508);
#1503=FILL_AREA_STYLE_COLOUR('',#1508);
#1504=FILL_AREA_STYLE_COLOUR('',#1508);
#1505=FILL_AREA_STYLE_COLOUR('',#1508);
#1506=FILL_AREA_STYLE_COLOUR('',#1508);
#1507=COLOUR_RGB('',0.101960784313725,0.101960784313725,0.101960784313725);
#1508=COLOUR_RGB('',0.96078431372549,0.835294117647059,0.470588235294118);
#1509=MANIFOLD_SOLID_BREP('Part 7',#1451);
#1510=MANIFOLD_SOLID_BREP('Part 1',#1452);
#1511=MANIFOLD_SOLID_BREP('Part 2',#1453);
#1512=MANIFOLD_SOLID_BREP('Part 3',#1454);
#1513=MANIFOLD_SOLID_BREP('Part 4',#1455);
#1514=MANIFOLD_SOLID_BREP('Part 5',#1456);
#1515=MANIFOLD_SOLID_BREP('Part 6',#1457);
#1516=SHAPE_DEFINITION_REPRESENTATION(#2538,#1523);
#1517=SHAPE_DEFINITION_REPRESENTATION(#2539,#1524);
#1518=SHAPE_DEFINITION_REPRESENTATION(#2540,#1525);
#1519=SHAPE_DEFINITION_REPRESENTATION(#2541,#1526);
#1520=SHAPE_DEFINITION_REPRESENTATION(#2542,#1527);
#1521=SHAPE_DEFINITION_REPRESENTATION(#2543,#1528);
#1522=SHAPE_DEFINITION_REPRESENTATION(#2544,#1529);
#1523=SHAPE_REPRESENTATION('Part 7',(#1530),#2503);
#1524=SHAPE_REPRESENTATION('Part 1',(#1608),#2504);
#1525=SHAPE_REPRESENTATION('Part 2',(#1617),#2505);
#1526=SHAPE_REPRESENTATION('Part 3',(#1626),#2506);
#1527=SHAPE_REPRESENTATION('Part 4',(#1635),#2507);
#1528=SHAPE_REPRESENTATION('Part 5',(#1644),#2508);
#1529=SHAPE_REPRESENTATION('Part 6',(#1653),#2509);
#1530=AXIS2_PLACEMENT_3D('',#2081,#1662,#1663);
#1531=AXIS2_PLACEMENT_3D('',#2082,#1664,#1665);
#1532=AXIS2_PLACEMENT_3D('',#2083,#1666,#1667);
#1533=AXIS2_PLACEMENT_3D('',#2093,#1672,#1673);
#1534=AXIS2_PLACEMENT_3D('',#2158,#1706,#1707);
#1535=AXIS2_PLACEMENT_3D('',#2172,#1715,#1716);
#1536=AXIS2_PLACEMENT_3D('',#2181,#1721,#1722);
#1537=AXIS2_PLACEMENT_3D('',#2187,#1726,#1727);
#1538=AXIS2_PLACEMENT_3D('',#2193,#1731,#1732);
#1539=AXIS2_PLACEMENT_3D('',#2202,#1737,#1738);
#1540=AXIS2_PLACEMENT_3D('',#2208,#1742,#1743);
#1541=AXIS2_PLACEMENT_3D('',#2214,#1747,#1748);
#1542=AXIS2_PLACEMENT_3D('',#2223,#1753,#1754);
#1543=AXIS2_PLACEMENT_3D('',#2229,#1758,#1759);
#1544=AXIS2_PLACEMENT_3D('',#2235,#1763,#1764);
#1545=AXIS2_PLACEMENT_3D('',#2244,#1769,#1770);
#1546=AXIS2_PLACEMENT_3D('',#2250,#1774,#1775);
#1547=AXIS2_PLACEMENT_3D('',#2256,#1779,#1780);
#1548=AXIS2_PLACEMENT_3D('',#2265,#1785,#1786);
#1549=AXIS2_PLACEMENT_3D('',#2271,#1790,#1791);
#1550=AXIS2_PLACEMENT_3D('',#2277,#1795,#1796);
#1551=AXIS2_PLACEMENT_3D('',#2286,#1801,#1802);
#1552=AXIS2_PLACEMENT_3D('',#2292,#1806,#1807);
#1553=AXIS2_PLACEMENT_3D('',#2298,#1811,#1812);
#1554=AXIS2_PLACEMENT_3D('',#2303,#1815,#1816);
#1555=AXIS2_PLACEMENT_3D('',#2306,#1818,#1819);
#1556=AXIS2_PLACEMENT_3D('',#2310,#1822,#1823);
#1557=AXIS2_PLACEMENT_3D('',#2314,#1826,#1827);
#1558=AXIS2_PLACEMENT_3D('',#2317,#1830,#1831);
#1559=AXIS2_PLACEMENT_3D('',#2320,#1834,#1835);
#1560=AXIS2_PLACEMENT_3D('',#2323,#1838,#1839);
#1561=AXIS2_PLACEMENT_3D('',#2326,#1842,#1843);
#1562=AXIS2_PLACEMENT_3D('',#2329,#1846,#1847);
#1563=AXIS2_PLACEMENT_3D('',#2331,#1849,#1850);
#1564=AXIS2_PLACEMENT_3D('',#2334,#1853,#1854);
#1565=AXIS2_PLACEMENT_3D('',#2337,#1856,#1857);
#1566=AXIS2_PLACEMENT_3D('',#2338,#1858,#1859);
#1567=AXIS2_PLACEMENT_3D('',#2341,#1861,#1862);
#1568=AXIS2_PLACEMENT_3D('',#2343,#1864,#1865);
#1569=AXIS2_PLACEMENT_3D('',#2345,#1867,#1868);
#1570=AXIS2_PLACEMENT_3D('',#2346,#1869,#1870);
#1571=AXIS2_PLACEMENT_3D('',#2347,#1871,#1872);
#1572=AXIS2_PLACEMENT_3D('',#2348,#1873,#1874);
#1573=AXIS2_PLACEMENT_3D('',#2349,#1875,#1876);
#1574=AXIS2_PLACEMENT_3D('',#2351,#1878,#1879);
#1575=AXIS2_PLACEMENT_3D('',#2353,#1881,#1882);
#1576=AXIS2_PLACEMENT_3D('',#2355,#1884,#1885);
#1577=AXIS2_PLACEMENT_3D('',#2357,#1887,#1888);
#1578=AXIS2_PLACEMENT_3D('',#2358,#1889,#1890);
#1579=AXIS2_PLACEMENT_3D('',#2359,#1891,#1892);
#1580=AXIS2_PLACEMENT_3D('',#2360,#1893,#1894);
#1581=AXIS2_PLACEMENT_3D('',#2361,#1895,#1896);
#1582=AXIS2_PLACEMENT_3D('',#2362,#1897,#1898);
#1583=AXIS2_PLACEMENT_3D('',#2363,#1899,#1900);
#1584=AXIS2_PLACEMENT_3D('',#2364,#1901,#1902);
#1585=AXIS2_PLACEMENT_3D('',#2367,#1905,#1906);
#1586=AXIS2_PLACEMENT_3D('',#2369,#1908,#1909);
#1587=AXIS2_PLACEMENT_3D('',#2371,#1911,#1912);
#1588=AXIS2_PLACEMENT_3D('',#2372,#1913,#1914);
#1589=AXIS2_PLACEMENT_3D('',#2375,#1917,#1918);
#1590=AXIS2_PLACEMENT_3D('',#2377,#1920,#1921);
#1591=AXIS2_PLACEMENT_3D('',#2379,#1923,#1924);
#1592=AXIS2_PLACEMENT_3D('',#2380,#1925,#1926);
#1593=AXIS2_PLACEMENT_3D('',#2383,#1929,#1930);
#1594=AXIS2_PLACEMENT_3D('',#2385,#1932,#1933);
#1595=AXIS2_PLACEMENT_3D('',#2387,#1935,#1936);
#1596=AXIS2_PLACEMENT_3D('',#2388,#1937,#1938);
#1597=AXIS2_PLACEMENT_3D('',#2391,#1941,#1942);
#1598=AXIS2_PLACEMENT_3D('',#2393,#1944,#1945);
#1599=AXIS2_PLACEMENT_3D('',#2395,#1947,#1948);
#1600=AXIS2_PLACEMENT_3D('',#2396,#1949,#1950);
#1601=AXIS2_PLACEMENT_3D('',#2399,#1953,#1954);
#1602=AXIS2_PLACEMENT_3D('',#2401,#1956,#1957);
#1603=AXIS2_PLACEMENT_3D('',#2403,#1959,#1960);
#1604=AXIS2_PLACEMENT_3D('',#2404,#1961,#1962);
#1605=AXIS2_PLACEMENT_3D('',#2407,#1965,#1966);
#1606=AXIS2_PLACEMENT_3D('',#2409,#1968,#1969);
#1607=AXIS2_PLACEMENT_3D('',#2411,#1971,#1972);
#1608=AXIS2_PLACEMENT_3D('',#2412,#1973,#1974);
#1609=AXIS2_PLACEMENT_3D('',#2413,#1975,#1976);
#1610=AXIS2_PLACEMENT_3D('',#2414,#1977,#1978);
#1611=AXIS2_PLACEMENT_3D('',#2416,#1979,#1980);
#1612=AXIS2_PLACEMENT_3D('',#2419,#1981,#1982);
#1613=AXIS2_PLACEMENT_3D('',#2421,#1983,#1984);
#1614=AXIS2_PLACEMENT_3D('',#2423,#1985,#1986);
#1615=AXIS2_PLACEMENT_3D('',#2424,#1987,#1988);
#1616=AXIS2_PLACEMENT_3D('',#2425,#1989,#1990);
#1617=AXIS2_PLACEMENT_3D('',#2426,#1991,#1992);
#1618=AXIS2_PLACEMENT_3D('',#2427,#1993,#1994);
#1619=AXIS2_PLACEMENT_3D('',#2428,#1995,#1996);
#1620=AXIS2_PLACEMENT_3D('',#2430,#1997,#1998);
#1621=AXIS2_PLACEMENT_3D('',#2433,#1999,#2000);
#1622=AXIS2_PLACEMENT_3D('',#2435,#2001,#2002);
#1623=AXIS2_PLACEMENT_3D('',#2437,#2003,#2004);
#1624=AXIS2_PLACEMENT_3D('',#2438,#2005,#2006);
#1625=AXIS2_PLACEMENT_3D('',#2439,#2007,#2008);
#1626=AXIS2_PLACEMENT_3D('',#2440,#2009,#2010);
#1627=AXIS2_PLACEMENT_3D('',#2441,#2011,#2012);
#1628=AXIS2_PLACEMENT_3D('',#2442,#2013,#2014);
#1629=AXIS2_PLACEMENT_3D('',#2444,#2015,#2016);
#1630=AXIS2_PLACEMENT_3D('',#2447,#2017,#2018);
#1631=AXIS2_PLACEMENT_3D('',#2449,#2019,#2020);
#1632=AXIS2_PLACEMENT_3D('',#2451,#2021,#2022);
#1633=AXIS2_PLACEMENT_3D('',#2452,#2023,#2024);
#1634=AXIS2_PLACEMENT_3D('',#2453,#2025,#2026);
#1635=AXIS2_PLACEMENT_3D('',#2454,#2027,#2028);
#1636=AXIS2_PLACEMENT_3D('',#2455,#2029,#2030);
#1637=AXIS2_PLACEMENT_3D('',#2456,#2031,#2032);
#1638=AXIS2_PLACEMENT_3D('',#2458,#2033,#2034);
#1639=AXIS2_PLACEMENT_3D('',#2461,#2035,#2036);
#1640=AXIS2_PLACEMENT_3D('',#2463,#2037,#2038);
#1641=AXIS2_PLACEMENT_3D('',#2465,#2039,#2040);
#1642=AXIS2_PLACEMENT_3D('',#2466,#2041,#2042);
#1643=AXIS2_PLACEMENT_3D('',#2467,#2043,#2044);
#1644=AXIS2_PLACEMENT_3D('',#2468,#2045,#2046);
#1645=AXIS2_PLACEMENT_3D('',#2469,#2047,#2048);
#1646=AXIS2_PLACEMENT_3D('',#2470,#2049,#2050);
#1647=AXIS2_PLACEMENT_3D('',#2472,#2051,#2052);
#1648=AXIS2_PLACEMENT_3D('',#2475,#2053,#2054);
#1649=AXIS2_PLACEMENT_3D('',#2477,#2055,#2056);
#1650=AXIS2_PLACEMENT_3D('',#2479,#2057,#2058);
#1651=AXIS2_PLACEMENT_3D('',#2480,#2059,#2060);
#1652=AXIS2_PLACEMENT_3D('',#2481,#2061,#2062);
#1653=AXIS2_PLACEMENT_3D('',#2482,#2063,#2064);
#1654=AXIS2_PLACEMENT_3D('',#2483,#2065,#2066);
#1655=AXIS2_PLACEMENT_3D('',#2484,#2067,#2068);
#1656=AXIS2_PLACEMENT_3D('',#2486,#2069,#2070);
#1657=AXIS2_PLACEMENT_3D('',#2489,#2071,#2072);
#1658=AXIS2_PLACEMENT_3D('',#2491,#2073,#2074);
#1659=AXIS2_PLACEMENT_3D('',#2493,#2075,#2076);
#1660=AXIS2_PLACEMENT_3D('',#2494,#2077,#2078);
#1661=AXIS2_PLACEMENT_3D('',#2495,#2079,#2080);
#1662=DIRECTION('',(0.,0.,1.));
#1663=DIRECTION('',(1.,0.,0.));
#1664=DIRECTION('',(0.,0.,-1.));
#1665=DIRECTION('',(0.,1.,0.));
#1666=DIRECTION('',(0.,0.,-1.));
#1667=DIRECTION('',(0.,1.,0.));
#1668=DIRECTION('',(1.,0.,0.));
#1669=DIRECTION('',(0.,-1.,0.));
#1670=DIRECTION('',(1.,0.,0.));
#1671=DIRECTION('',(0.,-1.,0.));
#1672=DIRECTION('',(0.,1.,0.));
#1673=DIRECTION('',(1.,0.,0.));
#1674=DIRECTION('',(-1.,0.,0.));
#1675=DIRECTION('',(0.,0.,-1.));
#1676=DIRECTION('',(1.,0.,0.));
#1677=DIRECTION('',(0.,0.,1.));
#1678=DIRECTION('',(-1.,0.,0.));
#1679=DIRECTION('',(0.,0.,-1.));
#1680=DIRECTION('',(1.,0.,0.));
#1681=DIRECTION('',(0.,0.,1.));
#1682=DIRECTION('',(-1.,0.,0.));
#1683=DIRECTION('',(0.,0.,-1.));
#1684=DIRECTION('',(1.,0.,0.));
#1685=DIRECTION('',(0.,0.,1.));
#1686=DIRECTION('',(-1.,0.,0.));
#1687=DIRECTION('',(0.,0.,-1.));
#1688=DIRECTION('',(1.,0.,0.));
#1689=DIRECTION('',(0.,0.,1.));
#1690=DIRECTION('',(-1.,0.,0.));
#1691=DIRECTION('',(0.,0.,-1.));
#1692=DIRECTION('',(1.,0.,0.));
#1693=DIRECTION('',(0.,0.,1.));
#1694=DIRECTION('',(-1.,0.,0.));
#1695=DIRECTION('',(0.,0.,-1.));
#1696=DIRECTION('',(1.,0.,0.));
#1697=DIRECTION('',(0.,0.,1.));
#1698=DIRECTION('',(-1.,0.,0.));
#1699=DIRECTION('',(0.,0.,-1.));
#1700=DIRECTION('',(1.,0.,0.));
#1701=DIRECTION('',(0.,0.,-1.));
#1702=DIRECTION('',(-1.,0.,0.));
#1703=DIRECTION('',(0.,0.,1.));
#1704=DIRECTION('',(1.,0.,0.));
#1705=DIRECTION('',(0.,0.,-1.));
#1706=DIRECTION('',(0.,1.,0.));
#1707=DIRECTION('',(1.,0.,0.));
#1708=DIRECTION('',(0.,0.,1.));
#1709=DIRECTION('',(1.,0.,0.));
#1710=DIRECTION('',(0.,0.,-1.));
#1711=DIRECTION('',(1.,0.,0.));
#1712=DIRECTION('',(0.,0.,-1.));
#1713=DIRECTION('',(0.,0.,1.));
#1714=DIRECTION('',(1.,0.,0.));
#1715=DIRECTION('',(0.,0.,1.));
#1716=DIRECTION('',(0.,-1.,0.));
#1717=DIRECTION('',(0.,-1.,0.));
#1718=DIRECTION('',(1.,0.,0.));
#1719=DIRECTION('',(0.,-1.,0.));
#1720=DIRECTION('',(-1.,0.,0.));
#1721=DIRECTION('',(1.,0.,0.));
#1722=DIRECTION('',(0.,-1.,0.));
#1723=DIRECTION('',(0.,-1.,0.));
#1724=DIRECTION('',(0.,0.,1.));
#1725=DIRECTION('',(0.,0.,1.));
#1726=DIRECTION('',(0.,0.,1.));
#1727=DIRECTION('',(0.,-1.,0.));
#1728=DIRECTION('',(0.,-1.,0.));
#1729=DIRECTION('',(-1.,0.,0.));
#1730=DIRECTION('',(-1.,0.,0.));
#1731=DIRECTION('',(0.,0.,1.));
#1732=DIRECTION('',(0.,-1.,0.));
#1733=DIRECTION('',(0.,-1.,0.));
#1734=DIRECTION('',(1.,0.,0.));
#1735=DIRECTION('',(0.,-1.,0.));
#1736=DIRECTION('',(-1.,0.,0.));
#1737=DIRECTION('',(1.,0.,0.));
#1738=DIRECTION('',(0.,-1.,0.));
#1739=DIRECTION('',(0.,-1.,0.));
#1740=DIRECTION('',(0.,0.,1.));
#1741=DIRECTION('',(0.,0.,1.));
#1742=DIRECTION('',(0.,0.,1.));
#1743=DIRECTION('',(0.,-1.,0.));
#1744=DIRECTION('',(0.,-1.,0.));
#1745=DIRECTION('',(-1.,0.,0.));
#1746=DIRECTION('',(-1.,0.,0.));
#1747=DIRECTION('',(0.,0.,1.));
#1748=DIRECTION('',(0.,-1.,0.));
#1749=DIRECTION('',(0.,-1.,0.));
#1750=DIRECTION('',(1.,0.,0.));
#1751=DIRECTION('',(0.,-1.,0.));
#1752=DIRECTION('',(-1.,0.,0.));
#1753=DIRECTION('',(1.,0.,0.));
#1754=DIRECTION('',(0.,-1.,0.));
#1755=DIRECTION('',(0.,-1.,0.));
#1756=DIRECTION('',(0.,0.,1.));
#1757=DIRECTION('',(0.,0.,1.));
#1758=DIRECTION('',(0.,0.,1.));
#1759=DIRECTION('',(0.,-1.,0.));
#1760=DIRECTION('',(0.,-1.,0.));
#1761=DIRECTION('',(-1.,0.,0.));
#1762=DIRECTION('',(-1.,0.,0.));
#1763=DIRECTION('',(0.,0.,1.));
#1764=DIRECTION('',(0.,-1.,0.));
#1765=DIRECTION('',(0.,-1.,0.));
#1766=DIRECTION('',(1.,0.,0.));
#1767=DIRECTION('',(0.,-1.,0.));
#1768=DIRECTION('',(-1.,0.,0.));
#1769=DIRECTION('',(1.,0.,0.));
#1770=DIRECTION('',(0.,-1.,0.));
#1771=DIRECTION('',(0.,-1.,0.));
#1772=DIRECTION('',(0.,0.,1.));
#1773=DIRECTION('',(0.,0.,1.));
#1774=DIRECTION('',(0.,0.,1.));
#1775=DIRECTION('',(0.,-1.,0.));
#1776=DIRECTION('',(0.,-1.,0.));
#1777=DIRECTION('',(-1.,0.,0.));
#1778=DIRECTION('',(-1.,0.,0.));
#1779=DIRECTION('',(0.,0.,1.));
#1780=DIRECTION('',(0.,-1.,0.));
#1781=DIRECTION('',(0.,-1.,0.));
#1782=DIRECTION('',(1.,0.,0.));
#1783=DIRECTION('',(0.,-1.,0.));
#1784=DIRECTION('',(-1.,0.,0.));
#1785=DIRECTION('',(1.,0.,0.));
#1786=DIRECTION('',(0.,-1.,0.));
#1787=DIRECTION('',(0.,-1.,0.));
#1788=DIRECTION('',(0.,0.,1.));
#1789=DIRECTION('',(0.,0.,1.));
#1790=DIRECTION('',(0.,0.,1.));
#1791=DIRECTION('',(0.,-1.,0.));
#1792=DIRECTION('',(0.,-1.,0.));
#1793=DIRECTION('',(-1.,0.,0.));
#1794=DIRECTION('',(-1.,0.,0.));
#1795=DIRECTION('',(0.,0.,1.));
#1796=DIRECTION('',(0.,-1.,0.));
#1797=DIRECTION('',(0.,-1.,0.));
#1798=DIRECTION('',(1.,0.,0.));
#1799=DIRECTION('',(0.,-1.,0.));
#1800=DIRECTION('',(-1.,0.,0.));
#1801=DIRECTION('',(1.,0.,0.));
#1802=DIRECTION('',(0.,-1.,0.));
#1803=DIRECTION('',(0.,-1.,0.));
#1804=DIRECTION('',(0.,0.,1.));
#1805=DIRECTION('',(0.,0.,1.));
#1806=DIRECTION('',(0.,0.,1.));
#1807=DIRECTION('',(0.,-1.,0.));
#1808=DIRECTION('',(0.,-1.,0.));
#1809=DIRECTION('',(-1.,0.,0.));
#1810=DIRECTION('',(-1.,0.,0.));
#1811=DIRECTION('',(0.,0.,-1.));
#1812=DIRECTION('',(0.,1.,0.));
#1813=DIRECTION('',(0.,-1.,0.));
#1814=DIRECTION('',(1.,0.,0.));
#1815=DIRECTION('',(0.,0.,-1.));
#1816=DIRECTION('',(0.,1.,0.));
#1817=DIRECTION('',(0.,-1.,0.));
#1818=DIRECTION('',(1.,0.,0.));
#1819=DIRECTION('',(0.,-1.,0.));
#1820=DIRECTION('',(0.,-1.,0.));
#1821=DIRECTION('',(0.,0.,-1.));
#1822=DIRECTION('',(0.,0.,-1.));
#1823=DIRECTION('',(0.,1.,0.));
#1824=DIRECTION('',(0.,-1.,0.));
#1825=DIRECTION('',(-1.,0.,0.));
#1826=DIRECTION('',(1.,0.,0.));
#1827=DIRECTION('',(0.,-1.,0.));
#1828=DIRECTION('',(0.,0.,-1.));
#1829=DIRECTION('',(0.,0.,1.));
#1830=DIRECTION('',(1.,0.,0.));
#1831=DIRECTION('',(0.,-1.,0.));
#1832=DIRECTION('',(0.,0.,-1.));
#1833=DIRECTION('',(0.,0.,1.));
#1834=DIRECTION('',(1.,0.,0.));
#1835=DIRECTION('',(0.,-1.,0.));
#1836=DIRECTION('',(0.,0.,-1.));
#1837=DIRECTION('',(0.,0.,1.));
#1838=DIRECTION('',(1.,0.,0.));
#1839=DIRECTION('',(0.,-1.,0.));
#1840=DIRECTION('',(0.,0.,-1.));
#1841=DIRECTION('',(0.,0.,1.));
#1842=DIRECTION('',(1.,0.,0.));
#1843=DIRECTION('',(0.,-1.,0.));
#1844=DIRECTION('',(0.,0.,-1.));
#1845=DIRECTION('',(0.,0.,1.));
#1846=DIRECTION('',(1.,0.,0.));
#1847=DIRECTION('',(0.,-1.,0.));
#1848=DIRECTION('',(0.,0.,1.));
#1849=DIRECTION('',(1.,0.,0.));
#1850=DIRECTION('',(0.,-1.,0.));
#1851=DIRECTION('',(0.,0.,-1.));
#1852=DIRECTION('',(0.,0.,1.));
#1853=DIRECTION('',(0.,0.,-1.));
#1854=DIRECTION('',(0.,1.,0.));
#1855=DIRECTION('',(0.,-1.,0.));
#1856=DIRECTION('',(0.,0.,-1.));
#1857=DIRECTION('',(0.,1.,0.));
#1858=DIRECTION('',(0.,0.,-1.));
#1859=DIRECTION('',(0.,1.,0.));
#1860=DIRECTION('',(0.,-1.,0.));
#1861=DIRECTION('',(-1.,0.,0.));
#1862=DIRECTION('',(0.,1.,0.));
#1863=DIRECTION('',(0.,0.,-1.));
#1864=DIRECTION('',(-1.,0.,0.));
#1865=DIRECTION('',(0.,1.,0.));
#1866=DIRECTION('',(0.,0.,-1.));
#1867=DIRECTION('',(0.,0.,-1.));
#1868=DIRECTION('',(0.,1.,0.));
#1869=DIRECTION('',(0.,-0.707106781186548,0.707106781186548));
#1870=DIRECTION('',(0.,-0.707106781186548,-0.707106781186548));
#1871=DIRECTION('',(0.,0.,1.));
#1872=DIRECTION('',(0.,-1.,0.));
#1873=DIRECTION('',(0.,-0.707106781186548,0.707106781186548));
#1874=DIRECTION('',(0.,0.707106781186548,0.707106781186548));
#1875=DIRECTION('',(0.,-0.707106781186548,0.707106781186548));
#1876=DIRECTION('',(-1.,0.,0.));
#1877=DIRECTION('',(-0.577350269189626,-0.577350269189626,-0.577350269189626));
#1878=DIRECTION('',(-0.707106781186548,0.707106781186548,0.));
#1879=DIRECTION('',(0.,0.,-1.));
#1880=DIRECTION('',(0.577350269189626,0.577350269189626,-0.577350269189626));
#1881=DIRECTION('',(0.,0.707106781186548,0.707106781186547));
#1882=DIRECTION('',(-1.,0.,0.));
#1883=DIRECTION('',(0.577350269189626,-0.577350269189626,0.577350269189626));
#1884=DIRECTION('',(-0.707106781186548,-0.707106781186548,0.));
#1885=DIRECTION('',(0.,0.,1.));
#1886=DIRECTION('',(-0.577350269189626,0.577350269189626,0.577350269189626));
#1887=DIRECTION('',(0.,-0.707106781186548,0.707106781186548));
#1888=DIRECTION('',(-1.,0.,0.));
#1889=DIRECTION('',(0.,1.,0.));
#1890=DIRECTION('',(1.,0.,0.));
#1891=DIRECTION('',(0.,1.,0.));
#1892=DIRECTION('',(1.,0.,0.));
#1893=DIRECTION('',(0.,1.,0.));
#1894=DIRECTION('',(1.,0.,0.));
#1895=DIRECTION('',(0.,1.,0.));
#1896=DIRECTION('',(1.,0.,0.));
#1897=DIRECTION('',(0.,1.,0.));
#1898=DIRECTION('',(1.,0.,0.));
#1899=DIRECTION('',(0.,1.,0.));
#1900=DIRECTION('',(1.,0.,0.));
#1901=DIRECTION('',(-0.707106781186548,0.707106781186548,0.));
#1902=DIRECTION('',(0.,0.,-1.));
#1903=DIRECTION('',(-0.577350269189626,-0.577350269189626,-0.577350269189626));
#1904=DIRECTION('',(0.577350269189626,0.577350269189626,-0.577350269189626));
#1905=DIRECTION('',(0.,-0.707106781186548,-0.707106781186548));
#1906=DIRECTION('',(-1.,0.,0.));
#1907=DIRECTION('',(0.577350269189626,-0.577350269189626,0.577350269189626));
#1908=DIRECTION('',(0.,0.707106781186547,-0.707106781186548));
#1909=DIRECTION('',(1.,0.,0.));
#1910=DIRECTION('',(0.577350269189626,-0.577350269189626,-0.577350269189625));
#1911=DIRECTION('',(-0.707106781186547,-0.707106781186548,0.));
#1912=DIRECTION('',(0.,0.,1.));
#1913=DIRECTION('',(-0.707106781186548,0.707106781186548,0.));
#1914=DIRECTION('',(0.,0.,-1.));
#1915=DIRECTION('',(-0.577350269189626,-0.577350269189626,-0.577350269189626));
#1916=DIRECTION('',(0.577350269189626,0.577350269189626,-0.577350269189626));
#1917=DIRECTION('',(0.,-0.707106781186548,-0.707106781186548));
#1918=DIRECTION('',(-1.,0.,0.));
#1919=DIRECTION('',(0.577350269189626,-0.577350269189626,0.577350269189626));
#1920=DIRECTION('',(0.,0.707106781186547,-0.707106781186548));
#1921=DIRECTION('',(1.,0.,0.));
#1922=DIRECTION('',(0.577350269189626,-0.577350269189626,-0.577350269189626));
#1923=DIRECTION('',(-0.707106781186548,-0.707106781186548,0.));
#1924=DIRECTION('',(0.,0.,1.));
#1925=DIRECTION('',(-0.707106781186548,0.707106781186548,0.));
#1926=DIRECTION('',(0.,0.,-1.));
#1927=DIRECTION('',(-0.577350269189626,-0.577350269189626,-0.577350269189626));
#1928=DIRECTION('',(0.577350269189626,0.577350269189626,-0.577350269189626));
#1929=DIRECTION('',(0.,-0.707106781186548,-0.707106781186548));
#1930=DIRECTION('',(-1.,0.,0.));
#1931=DIRECTION('',(0.577350269189626,-0.577350269189626,0.577350269189626));
#1932=DIRECTION('',(0.,0.707106781186547,-0.707106781186548));
#1933=DIRECTION('',(1.,0.,0.));
#1934=DIRECTION('',(0.577350269189626,-0.577350269189626,-0.577350269189626));
#1935=DIRECTION('',(-0.707106781186548,-0.707106781186548,0.));
#1936=DIRECTION('',(0.,0.,1.));
#1937=DIRECTION('',(-0.707106781186548,0.707106781186548,0.));
#1938=DIRECTION('',(0.,0.,-1.));
#1939=DIRECTION('',(-0.577350269189626,-0.577350269189626,-0.577350269189626));
#1940=DIRECTION('',(0.577350269189626,0.577350269189626,-0.577350269189626));
#1941=DIRECTION('',(0.,-0.707106781186548,-0.707106781186548));
#1942=DIRECTION('',(-1.,0.,0.));
#1943=DIRECTION('',(0.577350269189626,-0.577350269189626,0.577350269189626));
#1944=DIRECTION('',(0.,0.707106781186548,-0.707106781186548));
#1945=DIRECTION('',(1.,0.,0.));
#1946=DIRECTION('',(0.577350269189626,-0.577350269189626,-0.577350269189626));
#1947=DIRECTION('',(-0.707106781186548,-0.707106781186548,0.));
#1948=DIRECTION('',(0.,0.,1.));
#1949=DIRECTION('',(-0.707106781186548,0.707106781186548,0.));
#1950=DIRECTION('',(0.,0.,-1.));
#1951=DIRECTION('',(-0.577350269189626,-0.577350269189626,-0.577350269189626));
#1952=DIRECTION('',(0.577350269189626,0.577350269189626,-0.577350269189626));
#1953=DIRECTION('',(0.,-0.707106781186548,-0.707106781186548));
#1954=DIRECTION('',(-1.,0.,0.));
#1955=DIRECTION('',(0.577350269189626,-0.577350269189626,0.577350269189626));
#1956=DIRECTION('',(0.,0.707106781186548,-0.707106781186548));
#1957=DIRECTION('',(1.,0.,0.));
#1958=DIRECTION('',(0.577350269189626,-0.577350269189626,-0.577350269189626));
#1959=DIRECTION('',(-0.707106781186548,-0.707106781186548,0.));
#1960=DIRECTION('',(0.,0.,1.));
#1961=DIRECTION('',(-0.707106781186548,0.707106781186548,0.));
#1962=DIRECTION('',(0.,0.,-1.));
#1963=DIRECTION('',(-0.577350269189626,-0.577350269189626,-0.577350269189626));
#1964=DIRECTION('',(0.577350269189626,0.577350269189626,-0.577350269189626));
#1965=DIRECTION('',(0.,-0.707106781186548,-0.707106781186548));
#1966=DIRECTION('',(-1.,0.,0.));
#1967=DIRECTION('',(0.577350269189626,-0.577350269189626,0.577350269189626));
#1968=DIRECTION('',(0.,0.707106781186548,-0.707106781186548));
#1969=DIRECTION('',(1.,0.,0.));
#1970=DIRECTION('',(0.577350269189626,-0.577350269189626,-0.577350269189626));
#1971=DIRECTION('',(-0.707106781186548,-0.707106781186547,0.));
#1972=DIRECTION('',(0.,0.,1.));
#1973=DIRECTION('',(0.,0.,1.));
#1974=DIRECTION('',(1.,0.,0.));
#1975=DIRECTION('',(0.,1.,0.));
#1976=DIRECTION('',(1.,0.,0.));
#1977=DIRECTION('',(0.,1.,0.));
#1978=DIRECTION('',(1.,0.,0.));
#1979=DIRECTION('',(0.,1.,0.));
#1980=DIRECTION('',(1.,0.,0.));
#1981=DIRECTION('',(0.,1.,0.));
#1982=DIRECTION('',(1.,0.,0.));
#1983=DIRECTION('',(0.,1.,0.));
#1984=DIRECTION('',(1.,0.,0.));
#1985=DIRECTION('',(0.,1.,0.));
#1986=DIRECTION('',(1.,0.,0.));
#1987=DIRECTION('',(0.,1.,0.));
#1988=DIRECTION('',(1.,0.,0.));
#1989=DIRECTION('',(0.,1.,0.));
#1990=DIRECTION('',(1.,0.,0.));
#1991=DIRECTION('',(0.,0.,1.));
#1992=DIRECTION('',(1.,0.,0.));
#1993=DIRECTION('',(0.,1.,0.));
#1994=DIRECTION('',(1.,0.,0.));
#1995=DIRECTION('',(0.,1.,0.));
#1996=DIRECTION('',(1.,0.,0.));
#1997=DIRECTION('',(0.,1.,0.));
#1998=DIRECTION('',(1.,0.,0.));
#1999=DIRECTION('',(0.,1.,0.));
#2000=DIRECTION('',(1.,0.,0.));
#2001=DIRECTION('',(0.,1.,0.));
#2002=DIRECTION('',(1.,0.,0.));
#2003=DIRECTION('',(0.,1.,0.));
#2004=DIRECTION('',(1.,0.,0.));
#2005=DIRECTION('',(0.,1.,0.));
#2006=DIRECTION('',(1.,0.,0.));
#2007=DIRECTION('',(0.,1.,0.));
#2008=DIRECTION('',(1.,0.,0.));
#2009=DIRECTION('',(0.,0.,1.));
#2010=DIRECTION('',(1.,0.,0.));
#2011=DIRECTION('',(0.,1.,0.));
#2012=DIRECTION('',(1.,0.,0.));
#2013=DIRECTION('',(0.,1.,0.));
#2014=DIRECTION('',(1.,0.,0.));
#2015=DIRECTION('',(0.,1.,0.));
#2016=DIRECTION('',(1.,0.,0.));
#2017=DIRECTION('',(0.,1.,0.));
#2018=DIRECTION('',(1.,0.,0.));
#2019=DIRECTION('',(0.,1.,0.));
#2020=DIRECTION('',(1.,0.,0.));
#2021=DIRECTION('',(0.,1.,0.));
#2022=DIRECTION('',(1.,0.,0.));
#2023=DIRECTION('',(0.,1.,0.));
#2024=DIRECTION('',(1.,0.,0.));
#2025=DIRECTION('',(0.,1.,0.));
#2026=DIRECTION('',(1.,0.,0.));
#2027=DIRECTION('',(0.,0.,1.));
#2028=DIRECTION('',(1.,0.,0.));
#2029=DIRECTION('',(0.,1.,0.));
#2030=DIRECTION('',(1.,0.,0.));
#2031=DIRECTION('',(0.,1.,0.));
#2032=DIRECTION('',(1.,0.,0.));
#2033=DIRECTION('',(0.,1.,0.));
#2034=DIRECTION('',(1.,0.,0.));
#2035=DIRECTION('',(0.,1.,0.));
#2036=DIRECTION('',(1.,0.,0.));
#2037=DIRECTION('',(0.,1.,0.));
#2038=DIRECTION('',(1.,0.,0.));
#2039=DIRECTION('',(0.,1.,0.));
#2040=DIRECTION('',(1.,0.,0.));
#2041=DIRECTION('',(0.,1.,0.));
#2042=DIRECTION('',(1.,0.,0.));
#2043=DIRECTION('',(0.,1.,0.));
#2044=DIRECTION('',(1.,0.,0.));
#2045=DIRECTION('',(0.,0.,1.));
#2046=DIRECTION('',(1.,0.,0.));
#2047=DIRECTION('',(0.,1.,0.));
#2048=DIRECTION('',(1.,0.,0.));
#2049=DIRECTION('',(0.,1.,0.));
#2050=DIRECTION('',(1.,0.,0.));
#2051=DIRECTION('',(0.,1.,0.));
#2052=DIRECTION('',(1.,0.,0.));
#2053=DIRECTION('',(0.,1.,0.));
#2054=DIRECTION('',(1.,0.,0.));
#2055=DIRECTION('',(0.,1.,0.));
#2056=DIRECTION('',(1.,0.,0.));
#2057=DIRECTION('',(0.,1.,0.));
#2058=DIRECTION('',(1.,0.,0.));
#2059=DIRECTION('',(0.,1.,0.));
#2060=DIRECTION('',(1.,0.,0.));
#2061=DIRECTION('',(0.,1.,0.));
#2062=DIRECTION('',(1.,0.,0.));
#2063=DIRECTION('',(0.,0.,1.));
#2064=DIRECTION('',(1.,0.,0.));
#2065=DIRECTION('',(0.,1.,0.));
#2066=DIRECTION('',(1.,0.,0.));
#2067=DIRECTION('',(0.,1.,0.));
#2068=DIRECTION('',(1.,0.,0.));
#2069=DIRECTION('',(0.,1.,0.));
#2070=DIRECTION('',(1.,0.,0.));
#2071=DIRECTION('',(0.,1.,0.));
#2072=DIRECTION('',(1.,0.,0.));
#2073=DIRECTION('',(0.,1.,0.));
#2074=DIRECTION('',(1.,0.,0.));
#2075=DIRECTION('',(0.,1.,0.));
#2076=DIRECTION('',(1.,0.,0.));
#2077=DIRECTION('',(0.,1.,0.));
#2078=DIRECTION('',(1.,0.,0.));
#2079=DIRECTION('',(0.,1.,0.));
#2080=DIRECTION('',(1.,0.,0.));
#2081=CARTESIAN_POINT('',(0.,0.,0.));
#2082=CARTESIAN_POINT('',(0.008305,0.007,-0.00555));
#2083=CARTESIAN_POINT('',(0.00468,0.0055,-0.00555));
#2084=CARTESIAN_POINT('',(0.00618,0.0055,-0.00555));
#2085=CARTESIAN_POINT('',(0.00558,0.0067,-0.00555));
#2086=CARTESIAN_POINT('',(0.008305,0.0067,-0.00555));
#2087=CARTESIAN_POINT('',(0.01043,0.0067,-0.00555));
#2088=CARTESIAN_POINT('',(0.01043,0.007,-0.00555));
#2089=CARTESIAN_POINT('',(0.01043,0.,-0.00555));
#2090=CARTESIAN_POINT('',(0.008305,0.,-0.00555));
#2091=CARTESIAN_POINT('',(0.00618,0.,-0.00555));
#2092=CARTESIAN_POINT('',(0.00618,0.007,-0.00555));
#2093=CARTESIAN_POINT('',(0.00418,0.007,-0.0033));
#2094=CARTESIAN_POINT('',(0.00129,0.007,-0.00063));
#2095=CARTESIAN_POINT('',(0.00229,0.007,-0.00063));
#2096=CARTESIAN_POINT('',(0.00099,0.007,-0.00063));
#2097=CARTESIAN_POINT('',(0.00099,0.007,-0.0033));
#2098=CARTESIAN_POINT('',(0.00099,0.007,-0.00193));
#2099=CARTESIAN_POINT('',(0.00418,0.007,-0.00193));
#2100=CARTESIAN_POINT('',(0.00229,0.007,-0.00193));
#2101=CARTESIAN_POINT('',(0.00229,0.007,-0.00093));
#2102=CARTESIAN_POINT('',(0.00383,0.007,-0.00063));
#2103=CARTESIAN_POINT('',(0.00483,0.007,-0.00063));
#2104=CARTESIAN_POINT('',(0.00353,0.007,-0.00063));
#2105=CARTESIAN_POINT('',(0.00353,0.007,-0.0033));
#2106=CARTESIAN_POINT('',(0.00353,0.007,-0.00193));
#2107=CARTESIAN_POINT('',(0.00418,0.007,-0.00193));
#2108=CARTESIAN_POINT('',(0.00483,0.007,-0.00193));
#2109=CARTESIAN_POINT('',(0.00483,0.007,-0.00093));
#2110=CARTESIAN_POINT('',(0.00637,0.007,-0.00063));
#2111=CARTESIAN_POINT('',(0.00737,0.007,-0.00063));
#2112=CARTESIAN_POINT('',(0.00607,0.007,-0.00063));
#2113=CARTESIAN_POINT('',(0.00607,0.007,-0.0033));
#2114=CARTESIAN_POINT('',(0.00607,0.007,-0.00193));
#2115=CARTESIAN_POINT('',(0.00418,0.007,-0.00193));
#2116=CARTESIAN_POINT('',(0.00737,0.007,-0.00193));
#2117=CARTESIAN_POINT('',(0.00737,0.007,-0.00093));
#2118=CARTESIAN_POINT('',(0.00637000000000009,0.007,-0.00317000000000009));
#2119=CARTESIAN_POINT('',(0.00737,0.007,-0.00317000000000009));
#2120=CARTESIAN_POINT('',(0.00607000000000009,0.007,-0.00317000000000009));
#2121=CARTESIAN_POINT('',(0.00607000000000009,0.007,-0.0033));
#2122=CARTESIAN_POINT('',(0.00607000000000009,0.007,-0.00446999999999991));
#2123=CARTESIAN_POINT('',(0.00418,0.007,-0.00446999999999991));
#2124=CARTESIAN_POINT('',(0.00737,0.007,-0.00446999999999991));
#2125=CARTESIAN_POINT('',(0.00737,0.007,-0.00347000000000009));
#2126=CARTESIAN_POINT('',(0.00383,0.007,-0.00317000000000009));
#2127=CARTESIAN_POINT('',(0.00482999999999991,0.007,-0.00317000000000009));
#2128=CARTESIAN_POINT('',(0.00353,0.007,-0.00317000000000009));
#2129=CARTESIAN_POINT('',(0.00353,0.007,-0.0033));
#2130=CARTESIAN_POINT('',(0.00353,0.007,-0.00446999999999991));
#2131=CARTESIAN_POINT('',(0.00418,0.007,-0.00446999999999991));
#2132=CARTESIAN_POINT('',(0.00482999999999991,0.007,-0.00446999999999991));
#2133=CARTESIAN_POINT('',(0.00482999999999991,0.007,-0.00347000000000009));
#2134=CARTESIAN_POINT('',(0.00129,0.007,-0.00317));
#2135=CARTESIAN_POINT('',(0.00229,0.007,-0.00317));
#2136=CARTESIAN_POINT('',(0.00099,0.007,-0.00317));
#2137=CARTESIAN_POINT('',(0.00099,0.007,-0.0033));
#2138=CARTESIAN_POINT('',(0.00099,0.007,-0.00447));
#2139=CARTESIAN_POINT('',(0.00418,0.007,-0.00447));
#2140=CARTESIAN_POINT('',(0.00229,0.007,-0.00447));
#2141=CARTESIAN_POINT('',(0.00229,0.007,-0.00347));
#2142=CARTESIAN_POINT('',(0.00418,0.007,-0.00525));
#2143=CARTESIAN_POINT('',(0.01013,0.007,-0.00525));
#2144=CARTESIAN_POINT('',(0.00468,0.007,-0.00525));
#2145=CARTESIAN_POINT('',(0.00468,0.007,-0.00705));
#2146=CARTESIAN_POINT('',(0.00468,0.007,-0.00705));
#2147=CARTESIAN_POINT('',(0.00418,0.007,-0.00705));
#2148=CARTESIAN_POINT('',(0.00368,0.007,-0.00705));
#2149=CARTESIAN_POINT('',(0.00368,0.007,-0.0033));
#2150=CARTESIAN_POINT('',(0.00368,0.007,-0.00525));
#2151=CARTESIAN_POINT('',(0.00418,0.007,-0.00525));
#2152=CARTESIAN_POINT('',(-0.00177,0.007,-0.00525));
#2153=CARTESIAN_POINT('',(-0.00177,0.007,0.00045));
#2154=CARTESIAN_POINT('',(-0.00177,0.007,0.00015));
#2155=CARTESIAN_POINT('',(0.01043,0.007,0.00015));
#2156=CARTESIAN_POINT('',(0.01013,0.007,0.00015));
#2157=CARTESIAN_POINT('',(0.01013,0.007,-0.0033));
#2158=CARTESIAN_POINT('',(0.00418,0.,-0.0033));
#2159=CARTESIAN_POINT('',(-0.00207,0.,-0.00255));
#2160=CARTESIAN_POINT('',(-0.00207,0.,-0.00555));
#2161=CARTESIAN_POINT('',(-0.00207,0.,0.00045));
#2162=CARTESIAN_POINT('',(0.008305,0.,-0.00555));
#2163=CARTESIAN_POINT('',(0.00218,0.,-0.00555));
#2164=CARTESIAN_POINT('',(0.00218,0.,-0.0063));
#2165=CARTESIAN_POINT('',(0.00218,0.,-0.00705));
#2166=CARTESIAN_POINT('',(0.00418,0.,-0.00705));
#2167=CARTESIAN_POINT('',(0.00618,0.,-0.00705));
#2168=CARTESIAN_POINT('',(0.00618,0.,-0.0063));
#2169=CARTESIAN_POINT('',(0.01043,0.,-0.00255));
#2170=CARTESIAN_POINT('',(0.01043,0.,0.00045));
#2171=CARTESIAN_POINT('',(0.00418,0.,0.00045));
#2172=CARTESIAN_POINT('',(0.001815,0.007,-0.00347));
#2173=CARTESIAN_POINT('',(0.00129,0.007,-0.00347));
#2174=CARTESIAN_POINT('',(0.00129,0.0067,-0.00347));
#2175=CARTESIAN_POINT('',(0.00129,0.001,-0.00347));
#2176=CARTESIAN_POINT('',(0.00199,0.0067,-0.00347));
#2177=CARTESIAN_POINT('',(0.00199,0.0067,-0.00347));
#2178=CARTESIAN_POINT('',(0.00199,0.007,-0.00347));
#2179=CARTESIAN_POINT('',(0.00199,0.001,-0.00347));
#2180=CARTESIAN_POINT('',(0.001815,0.001,-0.00347));
#2181=CARTESIAN_POINT('',(0.00129,0.007,-0.003645));
#2182=CARTESIAN_POINT('',(0.00129,0.007,-0.00417));
#2183=CARTESIAN_POINT('',(0.00129,0.0067,-0.00417));
#2184=CARTESIAN_POINT('',(0.00129,0.001,-0.00417));
#2185=CARTESIAN_POINT('',(0.00129,0.0067,-0.003645));
#2186=CARTESIAN_POINT('',(0.00129,0.001,-0.003995));
#2187=CARTESIAN_POINT('',(0.001465,0.007,-0.00417));
#2188=CARTESIAN_POINT('',(0.00199,0.007,-0.00417));
#2189=CARTESIAN_POINT('',(0.00199,0.0067,-0.00417));
#2190=CARTESIAN_POINT('',(0.00199,0.001,-0.00417));
#2191=CARTESIAN_POINT('',(0.001465,0.0067,-0.00417));
#2192=CARTESIAN_POINT('',(0.001465,0.001,-0.00417));
#2193=CARTESIAN_POINT('',(0.004355,0.007,-0.00347000000000009));
#2194=CARTESIAN_POINT('',(0.00383,0.007,-0.00347));
#2195=CARTESIAN_POINT('',(0.00383,0.0067,-0.00347));
#2196=CARTESIAN_POINT('',(0.00383,0.001,-0.00347));
#2197=CARTESIAN_POINT('',(0.00453,0.0067,-0.00347000000000009));
#2198=CARTESIAN_POINT('',(0.00453,0.0067,-0.00347000000000009));
#2199=CARTESIAN_POINT('',(0.00453,0.007,-0.00347000000000009));
#2200=CARTESIAN_POINT('',(0.00453,0.001,-0.00347000000000009));
#2201=CARTESIAN_POINT('',(0.004005,0.001,-0.00347000000000009));
#2202=CARTESIAN_POINT('',(0.00383,0.007,-0.003645));
#2203=CARTESIAN_POINT('',(0.00383,0.007,-0.00416999999999991));
#2204=CARTESIAN_POINT('',(0.00383,0.0067,-0.00416999999999991));
#2205=CARTESIAN_POINT('',(0.00383,0.001,-0.00416999999999991));
#2206=CARTESIAN_POINT('',(0.00383,0.0067,-0.003645));
#2207=CARTESIAN_POINT('',(0.00383,0.001,-0.003645));
#2208=CARTESIAN_POINT('',(0.004005,0.007,-0.00416999999999991));
#2209=CARTESIAN_POINT('',(0.00452999999999991,0.007,-0.00417));
#2210=CARTESIAN_POINT('',(0.00452999999999991,0.0067,-0.00417));
#2211=CARTESIAN_POINT('',(0.00452999999999991,0.001,-0.00417));
#2212=CARTESIAN_POINT('',(0.004005,0.0067,-0.00416999999999991));
#2213=CARTESIAN_POINT('',(0.004355,0.001,-0.00416999999999991));
#2214=CARTESIAN_POINT('',(0.006895,0.007,-0.00347000000000009));
#2215=CARTESIAN_POINT('',(0.00637000000000009,0.007,-0.00347));
#2216=CARTESIAN_POINT('',(0.00637000000000009,0.0067,-0.00347));
#2217=CARTESIAN_POINT('',(0.00637000000000009,0.001,-0.00347));
#2218=CARTESIAN_POINT('',(0.00707,0.0067,-0.00347000000000009));
#2219=CARTESIAN_POINT('',(0.00707,0.0067,-0.00347000000000009));
#2220=CARTESIAN_POINT('',(0.00707,0.007,-0.00347000000000009));
#2221=CARTESIAN_POINT('',(0.00707,0.001,-0.00347000000000009));
#2222=CARTESIAN_POINT('',(0.006545,0.001,-0.00347000000000009));
#2223=CARTESIAN_POINT('',(0.00637000000000009,0.007,-0.003645));
#2224=CARTESIAN_POINT('',(0.00637,0.007,-0.00416999999999991));
#2225=CARTESIAN_POINT('',(0.00637,0.0067,-0.00416999999999991));
#2226=CARTESIAN_POINT('',(0.00637,0.001,-0.00416999999999991));
#2227=CARTESIAN_POINT('',(0.00637000000000009,0.0067,-0.003645));
#2228=CARTESIAN_POINT('',(0.00637000000000009,0.001,-0.003645));
#2229=CARTESIAN_POINT('',(0.006545,0.007,-0.00416999999999991));
#2230=CARTESIAN_POINT('',(0.00707,0.007,-0.00417));
#2231=CARTESIAN_POINT('',(0.00707,0.0067,-0.00417));
#2232=CARTESIAN_POINT('',(0.00707,0.001,-0.00417));
#2233=CARTESIAN_POINT('',(0.006545,0.0067,-0.00416999999999991));
#2234=CARTESIAN_POINT('',(0.006545,0.001,-0.00416999999999991));
#2235=CARTESIAN_POINT('',(0.001815,0.007,-0.00093));
#2236=CARTESIAN_POINT('',(0.00129,0.007,-0.00093));
#2237=CARTESIAN_POINT('',(0.00129,0.0067,-0.00093));
#2238=CARTESIAN_POINT('',(0.00129,0.001,-0.00093));
#2239=CARTESIAN_POINT('',(0.00199,0.0067,-0.00093));
#2240=CARTESIAN_POINT('',(0.00199,0.0067,-0.00093));
#2241=CARTESIAN_POINT('',(0.00199,0.007,-0.00093));
#2242=CARTESIAN_POINT('',(0.00199,0.001,-0.00093));
#2243=CARTESIAN_POINT('',(0.001465,0.001,-0.00093));
#2244=CARTESIAN_POINT('',(0.00129,0.007,-0.001105));
#2245=CARTESIAN_POINT('',(0.00129,0.007,-0.00163));
#2246=CARTESIAN_POINT('',(0.00129,0.0067,-0.00163));
#2247=CARTESIAN_POINT('',(0.00129,0.001,-0.00163));
#2248=CARTESIAN_POINT('',(0.00129,0.0067,-0.001105));
#2249=CARTESIAN_POINT('',(0.00129,0.001,-0.001105));
#2250=CARTESIAN_POINT('',(0.001465,0.007,-0.00163));
#2251=CARTESIAN_POINT('',(0.00199,0.007,-0.00163));
#2252=CARTESIAN_POINT('',(0.00199,0.0067,-0.00163));
#2253=CARTESIAN_POINT('',(0.00199,0.001,-0.00163));
#2254=CARTESIAN_POINT('',(0.001465,0.0067,-0.00163));
#2255=CARTESIAN_POINT('',(0.001465,0.001,-0.00163));
#2256=CARTESIAN_POINT('',(0.004355,0.007,-0.00093));
#2257=CARTESIAN_POINT('',(0.00383,0.007,-0.00093));
#2258=CARTESIAN_POINT('',(0.00383,0.0067,-0.00093));
#2259=CARTESIAN_POINT('',(0.00383,0.001,-0.00093));
#2260=CARTESIAN_POINT('',(0.00453,0.0067,-0.00093));
#2261=CARTESIAN_POINT('',(0.00453,0.0067,-0.00093));
#2262=CARTESIAN_POINT('',(0.00453,0.007,-0.00093));
#2263=CARTESIAN_POINT('',(0.00453,0.001,-0.00093));
#2264=CARTESIAN_POINT('',(0.004005,0.001,-0.00093));
#2265=CARTESIAN_POINT('',(0.00383,0.007,-0.001105));
#2266=CARTESIAN_POINT('',(0.00383,0.007,-0.00163));
#2267=CARTESIAN_POINT('',(0.00383,0.0067,-0.00163));
#2268=CARTESIAN_POINT('',(0.00383,0.001,-0.00163));
#2269=CARTESIAN_POINT('',(0.00383,0.0067,-0.001105));
#2270=CARTESIAN_POINT('',(0.00383,0.001,-0.001455));
#2271=CARTESIAN_POINT('',(0.004005,0.007,-0.00163));
#2272=CARTESIAN_POINT('',(0.00453,0.007,-0.00163));
#2273=CARTESIAN_POINT('',(0.00453,0.0067,-0.00163));
#2274=CARTESIAN_POINT('',(0.00453,0.001,-0.00163));
#2275=CARTESIAN_POINT('',(0.004005,0.0067,-0.00163));
#2276=CARTESIAN_POINT('',(0.004005,0.001,-0.00163));
#2277=CARTESIAN_POINT('',(0.006895,0.007,-0.00093));
#2278=CARTESIAN_POINT('',(0.00637,0.007,-0.00093));
#2279=CARTESIAN_POINT('',(0.00637,0.0067,-0.00093));
#2280=CARTESIAN_POINT('',(0.00637,0.001,-0.00093));
#2281=CARTESIAN_POINT('',(0.00707,0.0067,-0.00093));
#2282=CARTESIAN_POINT('',(0.00707,0.0067,-0.00093));
#2283=CARTESIAN_POINT('',(0.00707,0.007,-0.00093));
#2284=CARTESIAN_POINT('',(0.00707,0.001,-0.00093));
#2285=CARTESIAN_POINT('',(0.006545,0.001,-0.00093));
#2286=CARTESIAN_POINT('',(0.00637,0.007,-0.001105));
#2287=CARTESIAN_POINT('',(0.00637,0.007,-0.00163));
#2288=CARTESIAN_POINT('',(0.00637,0.0067,-0.00163));
#2289=CARTESIAN_POINT('',(0.00637,0.001,-0.00163));
#2290=CARTESIAN_POINT('',(0.00637,0.0067,-0.001105));
#2291=CARTESIAN_POINT('',(0.00637,0.001,-0.001105));
#2292=CARTESIAN_POINT('',(0.006545,0.007,-0.00163));
#2293=CARTESIAN_POINT('',(0.00707,0.007,-0.00163));
#2294=CARTESIAN_POINT('',(0.00707,0.0067,-0.00163));
#2295=CARTESIAN_POINT('',(0.00707,0.001,-0.00163));
#2296=CARTESIAN_POINT('',(0.006545,0.0067,-0.00163));
#2297=CARTESIAN_POINT('',(0.006895,0.001,-0.00163));
#2298=CARTESIAN_POINT('',(0.008305,0.007,-0.00555));
#2299=CARTESIAN_POINT('',(-0.00207,0.007,-0.00555));
#2300=CARTESIAN_POINT('',(-0.00207,0.0067,-0.00555));
#2301=CARTESIAN_POINT('',(0.008305,0.0067,-0.00555));
#2302=CARTESIAN_POINT('',(0.00278,0.0067,-0.00555));
#2303=CARTESIAN_POINT('',(0.00368,0.0055,-0.00555));
#2304=CARTESIAN_POINT('',(0.00218,0.0055,-0.00555));
#2305=CARTESIAN_POINT('',(0.00218,0.007,-0.00555));
#2306=CARTESIAN_POINT('',(-0.00207,0.007,-0.00255));
#2307=CARTESIAN_POINT('',(-0.00207,0.007,0.00045));
#2308=CARTESIAN_POINT('',(-0.00207,0.0067,0.00045));
#2309=CARTESIAN_POINT('',(-0.00207,0.0067,-0.00555));
#2310=CARTESIAN_POINT('',(0.00418,0.007,0.00045));
#2311=CARTESIAN_POINT('',(0.01043,0.007,0.00045));
#2312=CARTESIAN_POINT('',(0.01043,0.0067,0.00045));
#2313=CARTESIAN_POINT('',(-0.00207,0.0067,0.00045));
#2314=CARTESIAN_POINT('',(0.00452999999999991,0.007,-0.003995));
#2315=CARTESIAN_POINT('',(0.00452999999999991,0.0067,-0.00417));
#2316=CARTESIAN_POINT('',(0.00452999999999991,0.001,-0.003995));
#2317=CARTESIAN_POINT('',(0.00707,0.007,-0.003995));
#2318=CARTESIAN_POINT('',(0.00707,0.0067,-0.00417));
#2319=CARTESIAN_POINT('',(0.00707,0.001,-0.003645));
#2320=CARTESIAN_POINT('',(0.00199,0.007,-0.001455));
#2321=CARTESIAN_POINT('',(0.00199,0.0067,-0.00163));
#2322=CARTESIAN_POINT('',(0.00199,0.001,-0.001105));
#2323=CARTESIAN_POINT('',(0.00453,0.007,-0.001455));
#2324=CARTESIAN_POINT('',(0.00453,0.0067,-0.00163));
#2325=CARTESIAN_POINT('',(0.00453,0.001,-0.001105));
#2326=CARTESIAN_POINT('',(0.00707,0.007,-0.001455));
#2327=CARTESIAN_POINT('',(0.00707,0.0067,-0.00163));
#2328=CARTESIAN_POINT('',(0.00707,0.001,-0.001455));
#2329=CARTESIAN_POINT('',(0.01043,0.007,-0.00255));
#2330=CARTESIAN_POINT('',(0.01043,0.0067,-0.00255));
#2331=CARTESIAN_POINT('',(0.00199,0.007,-0.003995));
#2332=CARTESIAN_POINT('',(0.00199,0.0067,-0.00417));
#2333=CARTESIAN_POINT('',(0.00199,0.001,-0.003645));
#2334=CARTESIAN_POINT('',(0.00418,0.007,-0.00705));
#2335=CARTESIAN_POINT('',(0.00218,0.007,-0.00705));
#2336=CARTESIAN_POINT('',(0.00218,0.0055,-0.00705));
#2337=CARTESIAN_POINT('',(0.00368,0.0055,-0.00705));
#2338=CARTESIAN_POINT('',(0.00468,0.0055,-0.00705));
#2339=CARTESIAN_POINT('',(0.00618,0.0055,-0.00705));
#2340=CARTESIAN_POINT('',(0.00618,0.007,-0.00705));
#2341=CARTESIAN_POINT('',(0.00218,0.007,-0.0063));
#2342=CARTESIAN_POINT('',(0.00218,0.0055,-0.0063));
#2343=CARTESIAN_POINT('',(0.00618,0.007,-0.0063));
#2344=CARTESIAN_POINT('',(0.00618,0.0055,-0.00555));
#2345=CARTESIAN_POINT('',(0.00368,0.0055,-0.0063));
#2346=CARTESIAN_POINT('',(0.00368,0.0055,-0.00675));
#2347=CARTESIAN_POINT('',(0.00468,0.0055,-0.0033));
#2348=CARTESIAN_POINT('',(0.00468,0.0055,-0.00675));
#2349=CARTESIAN_POINT('',(0.00418,0.007,-0.00525));
#2350=CARTESIAN_POINT('',(0.000213333333333332,0.00898333333333333,-0.00326666666666667));
#2351=CARTESIAN_POINT('',(-0.00177,0.007,-0.0033));
#2352=CARTESIAN_POINT('',(-0.00062,0.00815,-0.001));
#2353=CARTESIAN_POINT('',(0.00418,0.007,0.00015));
#2354=CARTESIAN_POINT('',(0.00814666666666667,0.00898333333333333,-0.00183333333333333));
#2355=CARTESIAN_POINT('',(0.01043,0.0067,-0.00255));
#2356=CARTESIAN_POINT('',(0.00943,0.0077,-0.00455));
#2357=CARTESIAN_POINT('',(0.00418,0.007,-0.00525));
#2358=CARTESIAN_POINT('',(0.00418,0.001,-0.0033));
#2359=CARTESIAN_POINT('',(0.00418,0.001,-0.0033));
#2360=CARTESIAN_POINT('',(0.00418,0.001,-0.0033));
#2361=CARTESIAN_POINT('',(0.00418,0.001,-0.0033));
#2362=CARTESIAN_POINT('',(0.00418,0.001,-0.0033));
#2363=CARTESIAN_POINT('',(0.00418,0.001,-0.0033));
#2364=CARTESIAN_POINT('',(0.00229,0.007,-0.0033));
#2365=CARTESIAN_POINT('',(0.0014,0.00611,-0.00152));
#2366=CARTESIAN_POINT('',(0.001815,0.006525,-0.001455));
#2367=CARTESIAN_POINT('',(0.001465,0.0067,-0.00163));
#2368=CARTESIAN_POINT('',(0.001465,0.006525,-0.001455));
#2369=CARTESIAN_POINT('',(0.00418,0.007,-0.00063));
#2370=CARTESIAN_POINT('',(0.00134833333333334,0.00664166666666667,-0.000988333333333334));
#2371=CARTESIAN_POINT('',(0.00129,0.0067,-0.001105));
#2372=CARTESIAN_POINT('',(0.00483,0.007,-0.0033));
#2373=CARTESIAN_POINT('',(0.00394,0.00611,-0.00152));
#2374=CARTESIAN_POINT('',(0.004355,0.006525,-0.001455));
#2375=CARTESIAN_POINT('',(0.004005,0.0067,-0.00163));
#2376=CARTESIAN_POINT('',(0.004005,0.006525,-0.001455));
#2377=CARTESIAN_POINT('',(0.00418,0.007,-0.00063));
#2378=CARTESIAN_POINT('',(0.00388833333333333,0.00664166666666667,-0.000988333333333334));
#2379=CARTESIAN_POINT('',(0.00383,0.0067,-0.001105));
#2380=CARTESIAN_POINT('',(0.00737,0.007,-0.0033));
#2381=CARTESIAN_POINT('',(0.00648,0.00611,-0.00152));
#2382=CARTESIAN_POINT('',(0.006895,0.006525,-0.001455));
#2383=CARTESIAN_POINT('',(0.006545,0.0067,-0.00163));
#2384=CARTESIAN_POINT('',(0.006545,0.006525,-0.001455));
#2385=CARTESIAN_POINT('',(0.00418,0.007,-0.00063));
#2386=CARTESIAN_POINT('',(0.00642833333333333,0.00664166666666667,-0.000988333333333334));
#2387=CARTESIAN_POINT('',(0.00637,0.0067,-0.001105));
#2388=CARTESIAN_POINT('',(0.00737,0.007,-0.0033));
#2389=CARTESIAN_POINT('',(0.00732666666666669,0.0069566666666667,-0.0032133333333334));
#2390=CARTESIAN_POINT('',(0.006895,0.006525,-0.00399499999999991));
#2391=CARTESIAN_POINT('',(0.006545,0.0067,-0.00416999999999991));
#2392=CARTESIAN_POINT('',(0.006545,0.006525,-0.00399499999999994));
#2393=CARTESIAN_POINT('',(0.00418,0.007,-0.00317000000000009));
#2394=CARTESIAN_POINT('',(0.00642833333333339,0.0066416666666667,-0.00352833333333339));
#2395=CARTESIAN_POINT('',(0.00637000000000009,0.0067,-0.003645));
#2396=CARTESIAN_POINT('',(0.00482999999999991,0.007,-0.0033));
#2397=CARTESIAN_POINT('',(0.00478666666666661,0.0069566666666667,-0.0032133333333334));
#2398=CARTESIAN_POINT('',(0.00435499999999994,0.006525,-0.00399499999999994));
#2399=CARTESIAN_POINT('',(0.004005,0.0067,-0.00416999999999991));
#2400=CARTESIAN_POINT('',(0.004005,0.006525,-0.00399499999999994));
#2401=CARTESIAN_POINT('',(0.00418,0.007,-0.00317000000000009));
#2402=CARTESIAN_POINT('',(0.0038883333333333,0.0066416666666667,-0.00352833333333339));
#2403=CARTESIAN_POINT('',(0.00383,0.0067,-0.003645));
#2404=CARTESIAN_POINT('',(0.00229,0.007,-0.0033));
#2405=CARTESIAN_POINT('',(0.00224666666666667,0.00695666666666667,-0.00321333333333333));
#2406=CARTESIAN_POINT('',(0.001815,0.006525,-0.003995));
#2407=CARTESIAN_POINT('',(0.001465,0.0067,-0.00417));
#2408=CARTESIAN_POINT('',(0.001465,0.006525,-0.003995));
#2409=CARTESIAN_POINT('',(0.00418,0.007,-0.00317));
#2410=CARTESIAN_POINT('',(0.00134833333333333,0.00664166666666667,-0.00352833333333333));
#2411=CARTESIAN_POINT('',(0.00129,0.0067,-0.003645));
#2412=CARTESIAN_POINT('',(0.,0.,0.));
#2413=CARTESIAN_POINT('',(0.00164,-0.0037,-0.00382));
#2414=CARTESIAN_POINT('',(0.00164,-0.0037,-0.00382));
#2415=CARTESIAN_POINT('',(0.00199,-0.0037,-0.00382));
#2416=CARTESIAN_POINT('',(0.00164,0.,-0.00382));
#2417=CARTESIAN_POINT('',(0.00199,0.,-0.00382));
#2418=CARTESIAN_POINT('',(0.00164,0.,-0.00417));
#2419=CARTESIAN_POINT('',(0.00164,0.,-0.00382));
#2420=CARTESIAN_POINT('',(0.00164,0.,-0.00347));
#2421=CARTESIAN_POINT('',(0.00164,0.,-0.00382));
#2422=CARTESIAN_POINT('',(0.00129,0.,-0.00382));
#2423=CARTESIAN_POINT('',(0.00164,0.,-0.00382));
#2424=CARTESIAN_POINT('',(0.00418,-0.0037,-0.0033));
#2425=CARTESIAN_POINT('',(0.00418,0.,-0.0033));
#2426=CARTESIAN_POINT('',(0.,0.,0.));
#2427=CARTESIAN_POINT('',(0.00418,-0.0037,-0.00382));
#2428=CARTESIAN_POINT('',(0.00418,-0.0037,-0.00382));
#2429=CARTESIAN_POINT('',(0.00453,-0.0037,-0.00382));
#2430=CARTESIAN_POINT('',(0.00418,0.,-0.00382));
#2431=CARTESIAN_POINT('',(0.00452999999999991,0.,-0.00382));
#2432=CARTESIAN_POINT('',(0.00418,0.,-0.00416999999999991));
#2433=CARTESIAN_POINT('',(0.00418,0.,-0.00382));
#2434=CARTESIAN_POINT('',(0.00418,0.,-0.00347000000000009));
#2435=CARTESIAN_POINT('',(0.00418,0.,-0.00382));
#2436=CARTESIAN_POINT('',(0.00383,0.,-0.00382));
#2437=CARTESIAN_POINT('',(0.00418,0.,-0.00382));
#2438=CARTESIAN_POINT('',(0.00418,-0.0037,-0.0033));
#2439=CARTESIAN_POINT('',(0.00418,0.,-0.0033));
#2440=CARTESIAN_POINT('',(0.,0.,0.));
#2441=CARTESIAN_POINT('',(0.00672,-0.0037,-0.00382));
#2442=CARTESIAN_POINT('',(0.00672,-0.0037,-0.00382));
#2443=CARTESIAN_POINT('',(0.00707,-0.0037,-0.00382));
#2444=CARTESIAN_POINT('',(0.00672,0.,-0.00382));
#2445=CARTESIAN_POINT('',(0.00707,0.,-0.00382));
#2446=CARTESIAN_POINT('',(0.00672,0.,-0.00416999999999991));
#2447=CARTESIAN_POINT('',(0.00672,0.,-0.00382));
#2448=CARTESIAN_POINT('',(0.00672,0.,-0.00347000000000009));
#2449=CARTESIAN_POINT('',(0.00672,0.,-0.00382));
#2450=CARTESIAN_POINT('',(0.00637000000000009,0.,-0.00382));
#2451=CARTESIAN_POINT('',(0.00672,0.,-0.00382));
#2452=CARTESIAN_POINT('',(0.00418,-0.0037,-0.0033));
#2453=CARTESIAN_POINT('',(0.00418,0.,-0.0033));
#2454=CARTESIAN_POINT('',(0.,0.,0.));
#2455=CARTESIAN_POINT('',(0.00164,-0.0037,-0.00128));
#2456=CARTESIAN_POINT('',(0.00164,-0.0037,-0.00128));
#2457=CARTESIAN_POINT('',(0.00199,-0.0037,-0.00128));
#2458=CARTESIAN_POINT('',(0.00164,0.,-0.00128));
#2459=CARTESIAN_POINT('',(0.00199,0.,-0.00128));
#2460=CARTESIAN_POINT('',(0.00164,0.,-0.00163));
#2461=CARTESIAN_POINT('',(0.00164,0.,-0.00128));
#2462=CARTESIAN_POINT('',(0.00164,0.,-0.00093));
#2463=CARTESIAN_POINT('',(0.00164,0.,-0.00128));
#2464=CARTESIAN_POINT('',(0.00129,0.,-0.00128));
#2465=CARTESIAN_POINT('',(0.00164,0.,-0.00128));
#2466=CARTESIAN_POINT('',(0.00418,-0.0037,-0.0033));
#2467=CARTESIAN_POINT('',(0.00418,0.,-0.0033));
#2468=CARTESIAN_POINT('',(0.,0.,0.));
#2469=CARTESIAN_POINT('',(0.00418,-0.0037,-0.00128));
#2470=CARTESIAN_POINT('',(0.00418,-0.0037,-0.00128));
#2471=CARTESIAN_POINT('',(0.00453,-0.0037,-0.00128));
#2472=CARTESIAN_POINT('',(0.00418,0.,-0.00128));
#2473=CARTESIAN_POINT('',(0.00453,0.,-0.00128));
#2474=CARTESIAN_POINT('',(0.00418,0.,-0.00163));
#2475=CARTESIAN_POINT('',(0.00418,0.,-0.00128));
#2476=CARTESIAN_POINT('',(0.00418,0.,-0.00093));
#2477=CARTESIAN_POINT('',(0.00418,0.,-0.00128));
#2478=CARTESIAN_POINT('',(0.00383,0.,-0.00128));
#2479=CARTESIAN_POINT('',(0.00418,0.,-0.00128));
#2480=CARTESIAN_POINT('',(0.00418,-0.0037,-0.0033));
#2481=CARTESIAN_POINT('',(0.00418,0.,-0.0033));
#2482=CARTESIAN_POINT('',(0.,0.,0.));
#2483=CARTESIAN_POINT('',(0.00672,-0.0037,-0.00128));
#2484=CARTESIAN_POINT('',(0.00672,-0.0037,-0.00128));
#2485=CARTESIAN_POINT('',(0.00707,-0.0037,-0.00128));
#2486=CARTESIAN_POINT('',(0.00672,0.,-0.00128));
#2487=CARTESIAN_POINT('',(0.00707,0.,-0.00128));
#2488=CARTESIAN_POINT('',(0.00672,0.,-0.00163));
#2489=CARTESIAN_POINT('',(0.00672,0.,-0.00128));
#2490=CARTESIAN_POINT('',(0.00672,0.,-0.00093));
#2491=CARTESIAN_POINT('',(0.00672,0.,-0.00128));
#2492=CARTESIAN_POINT('',(0.00637,0.,-0.00128));
#2493=CARTESIAN_POINT('',(0.00672,0.,-0.00128));
#2494=CARTESIAN_POINT('',(0.00418,-0.0037,-0.0033));
#2495=CARTESIAN_POINT('',(0.00418,0.,-0.0033));
#2496=MECHANICAL_DESIGN_GEOMETRIC_PRESENTATION_REPRESENTATION('',(#1458),
#2503);
#2497=MECHANICAL_DESIGN_GEOMETRIC_PRESENTATION_REPRESENTATION('',(#1459),
#2504);
#2498=MECHANICAL_DESIGN_GEOMETRIC_PRESENTATION_REPRESENTATION('',(#1460),
#2505);
#2499=MECHANICAL_DESIGN_GEOMETRIC_PRESENTATION_REPRESENTATION('',(#1461),
#2506);
#2500=MECHANICAL_DESIGN_GEOMETRIC_PRESENTATION_REPRESENTATION('',(#1462),
#2507);
#2501=MECHANICAL_DESIGN_GEOMETRIC_PRESENTATION_REPRESENTATION('',(#1463),
#2508);
#2502=MECHANICAL_DESIGN_GEOMETRIC_PRESENTATION_REPRESENTATION('',(#1464),
#2509);
#2503=(
GEOMETRIC_REPRESENTATION_CONTEXT(3)
GLOBAL_UNCERTAINTY_ASSIGNED_CONTEXT((#2510))
GLOBAL_UNIT_ASSIGNED_CONTEXT((#2531,#2524,#2517))
REPRESENTATION_CONTEXT('Part 7','TOP_LEVEL_ASSEMBLY_PART')
);
#2504=(
GEOMETRIC_REPRESENTATION_CONTEXT(3)
GLOBAL_UNCERTAINTY_ASSIGNED_CONTEXT((#2511))
GLOBAL_UNIT_ASSIGNED_CONTEXT((#2532,#2525,#2518))
REPRESENTATION_CONTEXT('Part 1','TOP_LEVEL_ASSEMBLY_PART')
);
#2505=(
GEOMETRIC_REPRESENTATION_CONTEXT(3)
GLOBAL_UNCERTAINTY_ASSIGNED_CONTEXT((#2512))
GLOBAL_UNIT_ASSIGNED_CONTEXT((#2533,#2526,#2519))
REPRESENTATION_CONTEXT('Part 2','TOP_LEVEL_ASSEMBLY_PART')
);
#2506=(
GEOMETRIC_REPRESENTATION_CONTEXT(3)
GLOBAL_UNCERTAINTY_ASSIGNED_CONTEXT((#2513))
GLOBAL_UNIT_ASSIGNED_CONTEXT((#2534,#2527,#2520))
REPRESENTATION_CONTEXT('Part 3','TOP_LEVEL_ASSEMBLY_PART')
);
#2507=(
GEOMETRIC_REPRESENTATION_CONTEXT(3)
GLOBAL_UNCERTAINTY_ASSIGNED_CONTEXT((#2514))
GLOBAL_UNIT_ASSIGNED_CONTEXT((#2535,#2528,#2521))
REPRESENTATION_CONTEXT('Part 4','TOP_LEVEL_ASSEMBLY_PART')
);
#2508=(
GEOMETRIC_REPRESENTATION_CONTEXT(3)
GLOBAL_UNCERTAINTY_ASSIGNED_CONTEXT((#2515))
GLOBAL_UNIT_ASSIGNED_CONTEXT((#2536,#2529,#2522))
REPRESENTATION_CONTEXT('Part 5','TOP_LEVEL_ASSEMBLY_PART')
);
#2509=(
GEOMETRIC_REPRESENTATION_CONTEXT(3)
GLOBAL_UNCERTAINTY_ASSIGNED_CONTEXT((#2516))
GLOBAL_UNIT_ASSIGNED_CONTEXT((#2537,#2530,#2523))
REPRESENTATION_CONTEXT('Part 6','TOP_LEVEL_ASSEMBLY_PART')
);
#2510=UNCERTAINTY_MEASURE_WITH_UNIT(LENGTH_MEASURE(1.E-8),#2531,
'DISTANCE_ACCURACY_VALUE','Maximum Tolerance applied to model');
#2511=UNCERTAINTY_MEASURE_WITH_UNIT(LENGTH_MEASURE(1.E-8),#2532,
'DISTANCE_ACCURACY_VALUE','Maximum Tolerance applied to model');
#2512=UNCERTAINTY_MEASURE_WITH_UNIT(LENGTH_MEASURE(1.E-8),#2533,
'DISTANCE_ACCURACY_VALUE','Maximum Tolerance applied to model');
#2513=UNCERTAINTY_MEASURE_WITH_UNIT(LENGTH_MEASURE(1.E-8),#2534,
'DISTANCE_ACCURACY_VALUE','Maximum Tolerance applied to model');
#2514=UNCERTAINTY_MEASURE_WITH_UNIT(LENGTH_MEASURE(1.E-8),#2535,
'DISTANCE_ACCURACY_VALUE','Maximum Tolerance applied to model');
#2515=UNCERTAINTY_MEASURE_WITH_UNIT(LENGTH_MEASURE(1.E-8),#2536,
'DISTANCE_ACCURACY_VALUE','Maximum Tolerance applied to model');
#2516=UNCERTAINTY_MEASURE_WITH_UNIT(LENGTH_MEASURE(1.E-8),#2537,
'DISTANCE_ACCURACY_VALUE','Maximum Tolerance applied to model');
#2517=(
NAMED_UNIT(*)
SI_UNIT($,.STERADIAN.)
SOLID_ANGLE_UNIT()
);
#2518=(
NAMED_UNIT(*)
SI_UNIT($,.STERADIAN.)
SOLID_ANGLE_UNIT()
);
#2519=(
NAMED_UNIT(*)
SI_UNIT($,.STERADIAN.)
SOLID_ANGLE_UNIT()
);
#2520=(
NAMED_UNIT(*)
SI_UNIT($,.STERADIAN.)
SOLID_ANGLE_UNIT()
);
#2521=(
NAMED_UNIT(*)
SI_UNIT($,.STERADIAN.)
SOLID_ANGLE_UNIT()
);
#2522=(
NAMED_UNIT(*)
SI_UNIT($,.STERADIAN.)
SOLID_ANGLE_UNIT()
);
#2523=(
NAMED_UNIT(*)
SI_UNIT($,.STERADIAN.)
SOLID_ANGLE_UNIT()
);
#2524=(
NAMED_UNIT(*)
PLANE_ANGLE_UNIT()
SI_UNIT($,.RADIAN.)
);
#2525=(
NAMED_UNIT(*)
PLANE_ANGLE_UNIT()
SI_UNIT($,.RADIAN.)
);
#2526=(
NAMED_UNIT(*)
PLANE_ANGLE_UNIT()
SI_UNIT($,.RADIAN.)
);
#2527=(
NAMED_UNIT(*)
PLANE_ANGLE_UNIT()
SI_UNIT($,.RADIAN.)
);
#2528=(
NAMED_UNIT(*)
PLANE_ANGLE_UNIT()
SI_UNIT($,.RADIAN.)
);
#2529=(
NAMED_UNIT(*)
PLANE_ANGLE_UNIT()
SI_UNIT($,.RADIAN.)
);
#2530=(
NAMED_UNIT(*)
PLANE_ANGLE_UNIT()
SI_UNIT($,.RADIAN.)
);
#2531=(
LENGTH_UNIT()
NAMED_UNIT(*)
SI_UNIT($,.METRE.)
);
#2532=(
LENGTH_UNIT()
NAMED_UNIT(*)
SI_UNIT($,.METRE.)
);
#2533=(
LENGTH_UNIT()
NAMED_UNIT(*)
SI_UNIT($,.METRE.)
);
#2534=(
LENGTH_UNIT()
NAMED_UNIT(*)
SI_UNIT($,.METRE.)
);
#2535=(
LENGTH_UNIT()
NAMED_UNIT(*)
SI_UNIT($,.METRE.)
);
#2536=(
LENGTH_UNIT()
NAMED_UNIT(*)
SI_UNIT($,.METRE.)
);
#2537=(
LENGTH_UNIT()
NAMED_UNIT(*)
SI_UNIT($,.METRE.)
);
#2538=PRODUCT_DEFINITION_SHAPE('','',#2545);
#2539=PRODUCT_DEFINITION_SHAPE('','',#2546);
#2540=PRODUCT_DEFINITION_SHAPE('','',#2547);
#2541=PRODUCT_DEFINITION_SHAPE('','',#2548);
#2542=PRODUCT_DEFINITION_SHAPE('','',#2549);
#2543=PRODUCT_DEFINITION_SHAPE('','',#2550);
#2544=PRODUCT_DEFINITION_SHAPE('','',#2551);
#2545=PRODUCT_DEFINITION('','',#2559,#2552);
#2546=PRODUCT_DEFINITION('','',#2560,#2553);
#2547=PRODUCT_DEFINITION('','',#2561,#2554);
#2548=PRODUCT_DEFINITION('','',#2562,#2555);
#2549=PRODUCT_DEFINITION('','',#2563,#2556);
#2550=PRODUCT_DEFINITION('','',#2564,#2557);
#2551=PRODUCT_DEFINITION('','',#2565,#2558);
#2552=PRODUCT_DEFINITION_CONTEXT('',#2601,'design');
#2553=PRODUCT_DEFINITION_CONTEXT('',#2602,'design');
#2554=PRODUCT_DEFINITION_CONTEXT('',#2603,'design');
#2555=PRODUCT_DEFINITION_CONTEXT('',#2604,'design');
#2556=PRODUCT_DEFINITION_CONTEXT('',#2605,'design');
#2557=PRODUCT_DEFINITION_CONTEXT('',#2606,'design');
#2558=PRODUCT_DEFINITION_CONTEXT('',#2607,'design');
#2559=PRODUCT_DEFINITION_FORMATION_WITH_SPECIFIED_SOURCE('','',#2573,
 .NOT_KNOWN.);
#2560=PRODUCT_DEFINITION_FORMATION_WITH_SPECIFIED_SOURCE('','',#2574,
 .NOT_KNOWN.);
#2561=PRODUCT_DEFINITION_FORMATION_WITH_SPECIFIED_SOURCE('','',#2575,
 .NOT_KNOWN.);
#2562=PRODUCT_DEFINITION_FORMATION_WITH_SPECIFIED_SOURCE('','',#2576,
 .NOT_KNOWN.);
#2563=PRODUCT_DEFINITION_FORMATION_WITH_SPECIFIED_SOURCE('','',#2577,
 .NOT_KNOWN.);
#2564=PRODUCT_DEFINITION_FORMATION_WITH_SPECIFIED_SOURCE('','',#2578,
 .NOT_KNOWN.);
#2565=PRODUCT_DEFINITION_FORMATION_WITH_SPECIFIED_SOURCE('','',#2579,
 .NOT_KNOWN.);
#2566=PRODUCT_RELATED_PRODUCT_CATEGORY('','',(#2573));
#2567=PRODUCT_RELATED_PRODUCT_CATEGORY('','',(#2574));
#2568=PRODUCT_RELATED_PRODUCT_CATEGORY('','',(#2575));
#2569=PRODUCT_RELATED_PRODUCT_CATEGORY('','',(#2576));
#2570=PRODUCT_RELATED_PRODUCT_CATEGORY('','',(#2577));
#2571=PRODUCT_RELATED_PRODUCT_CATEGORY('','',(#2578));
#2572=PRODUCT_RELATED_PRODUCT_CATEGORY('','',(#2579));
#2573=PRODUCT('Part 7','Part 7','Part 7',(#2587));
#2574=PRODUCT('Part 1','Part 1','Part 1',(#2588));
#2575=PRODUCT('Part 2','Part 2','Part 2',(#2589));
#2576=PRODUCT('Part 3','Part 3','Part 3',(#2590));
#2577=PRODUCT('Part 4','Part 4','Part 4',(#2591));
#2578=PRODUCT('Part 5','Part 5','Part 5',(#2592));
#2579=PRODUCT('Part 6','Part 6','Part 6',(#2593));
#2580=PRODUCT_CATEGORY('','');
#2581=PRODUCT_CATEGORY('','');
#2582=PRODUCT_CATEGORY('','');
#2583=PRODUCT_CATEGORY('','');
#2584=PRODUCT_CATEGORY('','');
#2585=PRODUCT_CATEGORY('','');
#2586=PRODUCT_CATEGORY('','');
#2587=PRODUCT_CONTEXT('',#2601,'mechanical');
#2588=PRODUCT_CONTEXT('',#2602,'mechanical');
#2589=PRODUCT_CONTEXT('',#2603,'mechanical');
#2590=PRODUCT_CONTEXT('',#2604,'mechanical');
#2591=PRODUCT_CONTEXT('',#2605,'mechanical');
#2592=PRODUCT_CONTEXT('',#2606,'mechanical');
#2593=PRODUCT_CONTEXT('',#2607,'mechanical');
#2594=APPLICATION_PROTOCOL_DEFINITION('international standard',
'ap242_managed_model_based_3d_engineering',2020,#2601);
#2595=APPLICATION_PROTOCOL_DEFINITION('international standard',
'ap242_managed_model_based_3d_engineering',2020,#2602);
#2596=APPLICATION_PROTOCOL_DEFINITION('international standard',
'ap242_managed_model_based_3d_engineering',2020,#2603);
#2597=APPLICATION_PROTOCOL_DEFINITION('international standard',
'ap242_managed_model_based_3d_engineering',2020,#2604);
#2598=APPLICATION_PROTOCOL_DEFINITION('international standard',
'ap242_managed_model_based_3d_engineering',2020,#2605);
#2599=APPLICATION_PROTOCOL_DEFINITION('international standard',
'ap242_managed_model_based_3d_engineering',2020,#2606);
#2600=APPLICATION_PROTOCOL_DEFINITION('international standard',
'ap242_managed_model_based_3d_engineering',2020,#2607);
#2601=APPLICATION_CONTEXT('managed model based 3d engineering');
#2602=APPLICATION_CONTEXT('managed model based 3d engineering');
#2603=APPLICATION_CONTEXT('managed model based 3d engineering');
#2604=APPLICATION_CONTEXT('managed model based 3d engineering');
#2605=APPLICATION_CONTEXT('managed model based 3d engineering');
#2606=APPLICATION_CONTEXT('managed model based 3d engineering');
#2607=APPLICATION_CONTEXT('managed model based 3d engineering');
ENDSEC;
END-ISO-10303-21;
